##,###,S,C,A,L,E,S,!,S,C,A,L,E,S,!,S,C,A,L,E,S
0,0,0,0.17,0.322,0.492,0.585,0.755,0.907,1,1.17,1.322,1.492,1.585,1.755,1.907,2,2.17,2.322,2.492,2.585,2.755
1,1,0,0.17,0.322,0.492,0.585,0.755,0.907,1,1.17,1.322,1.492,1.585,1.755,1.907,2,2.17,2.322,2.492,2.585,2.755
2,2,0.077,0.17,0.322,0.492,0.585,0.755,0.907,1.077,1.17,1.322,1.492,1.585,1.755,1.907,2.077,2.17,2.322,2.492,2.585,2.755
3,3,0.077,0.17,0.322,0.492,0.585,0.755,0.907,1.077,1.17,1.322,1.492,1.585,1.755,1.907,2.077,2.17,2.322,2.492,2.585,2.755
4,4,0.077,0.17,0.34,0.492,0.585,0.755,0.907,1.077,1.17,1.34,1.492,1.585,1.755,1.907,2.077,2.17,2.34,2.492,2.585,2.755
5,5,0.077,0.17,0.34,0.492,0.585,0.755,0.907,1.077,1.17,1.34,1.492,1.585,1.755,1.907,2.077,2.17,2.34,2.492,2.585,2.755
6,6,0.077,0.17,0.34,0.492,0.662,0.755,0.907,1.077,1.17,1.34,1.492,1.662,1.755,1.907,2.077,2.17,2.34,2.492,2.662,2.755
7,7,0.077,0.17,0.34,0.492,0.662,0.755,0.907,1.077,1.17,1.34,1.492,1.662,1.755,1.907,2.077,2.17,2.34,2.492,2.662,2.755
8,8,0.077,0.17,0.34,0.492,0.662,0.755,0.925,1.077,1.17,1.34,1.492,1.662,1.755,1.925,2.077,2.17,2.34,2.492,2.662,2.755
9,9,0.077,0.17,0.34,0.492,0.662,0.755,0.925,1.077,1.17,1.34,1.492,1.662,1.755,1.925,2.077,2.17,2.34,2.492,2.662,2.755
10,10,0.077,0.247,0.34,0.492,0.662,0.755,0.925,1.077,1.247,1.34,1.492,1.662,1.755,1.925,2.077,2.247,2.34,2.492,2.662,2.755
11,11,0.077,0.247,0.34,0.492,0.662,0.755,0.925,1.077,1.247,1.34,1.492,1.662,1.755,1.925,2.077,2.247,2.34,2.492,2.662,2.755
12,12,0.077,0.247,0.34,0.51,0.662,0.755,0.925,1.077,1.247,1.34,1.51,1.662,1.755,1.925,2.077,2.247,2.34,2.51,2.662,2.755
13,13,0.077,0.247,0.34,0.51,0.662,0.755,0.925,1.077,1.247,1.34,1.51,1.662,1.755,1.925,2.077,2.247,2.34,2.51,2.662,2.755
14,14,0.077,0.247,0.34,0.51,0.662,0.832,0.925,1.077,1.247,1.34,1.51,1.662,1.832,1.925,2.077,2.247,2.34,2.51,2.662,2.832
15,15,0.077,0.247,0.34,0.51,0.662,0.832,0.925,1.077,1.247,1.34,1.51,1.662,1.832,1.925,2.077,2.247,2.34,2.51,2.662,2.832
16,16,0.095,0.247,0.34,0.51,0.662,0.832,0.925,1.095,1.247,1.34,1.51,1.662,1.832,1.925,2.095,2.247,2.34,2.51,2.662,2.832
17,17,0.095,0.247,0.34,0.51,0.662,0.832,0.925,1.095,1.247,1.34,1.51,1.662,1.832,1.925,2.095,2.247,2.34,2.51,2.662,2.832
18,18,0.095,0.247,0.417,0.51,0.662,0.832,0.925,1.095,1.247,1.417,1.51,1.662,1.832,1.925,2.095,2.247,2.417,2.51,2.662,2.832
19,19,0.095,0.247,0.417,0.51,0.662,0.832,0.925,1.095,1.247,1.417,1.51,1.662,1.832,1.925,2.095,2.247,2.417,2.51,2.662,2.832
20,20,0.095,0.247,0.417,0.51,0.68,0.832,0.925,1.095,1.247,1.417,1.51,1.68,1.832,1.925,2.095,2.247,2.417,2.51,2.68,2.832
21,21,0.095,0.247,0.417,0.51,0.68,0.832,0.925,1.095,1.247,1.417,1.51,1.68,1.832,1.925,2.095,2.247,2.417,2.51,2.68,2.832
22,22,0.002,0.095,0.247,0.417,0.51,0.68,0.832,1.002,1.095,1.247,1.417,1.51,1.68,1.832,2.002,2.095,2.247,2.417,2.51,2.68
23,23,0.002,0.095,0.247,0.417,0.51,0.68,0.832,1.002,1.095,1.247,1.417,1.51,1.68,1.832,2.002,2.095,2.247,2.417,2.51,2.68
24,24,0.002,0.095,0.265,0.417,0.51,0.68,0.832,1.002,1.095,1.265,1.417,1.51,1.68,1.832,2.002,2.095,2.265,2.417,2.51,2.68
25,25,0.002,0.095,0.265,0.417,0.51,0.68,0.832,1.002,1.095,1.265,1.417,1.51,1.68,1.832,2.002,2.095,2.265,2.417,2.51,2.68
26,26,0.002,0.095,0.265,0.417,0.587,0.68,0.832,1.002,1.095,1.265,1.417,1.587,1.68,1.832,2.002,2.095,2.265,2.417,2.587,2.68
27,27,0.002,0.095,0.265,0.417,0.587,0.68,0.832,1.002,1.095,1.265,1.417,1.587,1.68,1.832,2.002,2.095,2.265,2.417,2.587,2.68
28,28,0.002,0.095,0.265,0.417,0.587,0.68,0.85,1.002,1.095,1.265,1.417,1.587,1.68,1.85,2.002,2.095,2.265,2.417,2.587,2.68
29,29,0.002,0.095,0.265,0.417,0.587,0.68,0.85,1.002,1.095,1.265,1.417,1.587,1.68,1.85,2.002,2.095,2.265,2.417,2.587,2.68
30,30,0.002,0.172,0.265,0.417,0.587,0.68,0.85,1.002,1.172,1.265,1.417,1.587,1.68,1.85,2.002,2.172,2.265,2.417,2.587,2.68
31,31,0.002,0.172,0.265,0.417,0.587,0.68,0.85,1.002,1.172,1.265,1.417,1.587,1.68,1.85,2.002,2.172,2.265,2.417,2.587,2.68
32,32,0.002,0.172,0.265,0.435,0.587,0.68,0.85,1.002,1.172,1.265,1.435,1.587,1.68,1.85,2.002,2.172,2.265,2.435,2.587,2.68
33,33,0.002,0.172,0.265,0.435,0.587,0.68,0.85,1.002,1.172,1.265,1.435,1.587,1.68,1.85,2.002,2.172,2.265,2.435,2.587,2.68
34,34,0.002,0.172,0.265,0.435,0.587,0.757,0.85,1.002,1.172,1.265,1.435,1.587,1.757,1.85,2.002,2.172,2.265,2.435,2.587,2.757
35,35,0.002,0.172,0.265,0.435,0.587,0.757,0.85,1.002,1.172,1.265,1.435,1.587,1.757,1.85,2.002,2.172,2.265,2.435,2.587,2.757
36,36,0.02,0.172,0.265,0.435,0.587,0.757,0.85,1.02,1.172,1.265,1.435,1.587,1.757,1.85,2.02,2.172,2.265,2.435,2.587,2.757
37,37,0.02,0.172,0.265,0.435,0.587,0.757,0.85,1.02,1.172,1.265,1.435,1.587,1.757,1.85,2.02,2.172,2.265,2.435,2.587,2.757
38,38,0.02,0.172,0.342,0.435,0.587,0.757,0.85,1.02,1.172,1.342,1.435,1.587,1.757,1.85,2.02,2.172,2.342,2.435,2.587,2.757
39,39,0.02,0.172,0.342,0.435,0.587,0.757,0.85,1.02,1.172,1.342,1.435,1.587,1.757,1.85,2.02,2.172,2.342,2.435,2.587,2.757
40,40,0.02,0.172,0.342,0.435,0.605,0.757,0.85,1.02,1.172,1.342,1.435,1.605,1.757,1.85,2.02,2.172,2.342,2.435,2.605,2.757
41,41,0.02,0.172,0.342,0.435,0.605,0.757,0.85,1.02,1.172,1.342,1.435,1.605,1.757,1.85,2.02,2.172,2.342,2.435,2.605,2.757
42,42,0.02,0.172,0.342,0.435,0.605,0.757,0.927,1.02,1.172,1.342,1.435,1.605,1.757,1.927,2.02,2.172,2.342,2.435,2.605,2.757
43,43,0.02,0.172,0.342,0.435,0.605,0.757,0.927,1.02,1.172,1.342,1.435,1.605,1.757,1.927,2.02,2.172,2.342,2.435,2.605,2.757
44,44,0.02,0.19,0.342,0.435,0.605,0.757,0.927,1.02,1.19,1.342,1.435,1.605,1.757,1.927,2.02,2.19,2.342,2.435,2.605,2.757
45,45,0.02,0.19,0.342,0.435,0.605,0.757,0.927,1.02,1.19,1.342,1.435,1.605,1.757,1.927,2.02,2.19,2.342,2.435,2.605,2.757
46,46,0.02,0.19,0.342,0.512,0.605,0.757,0.927,1.02,1.19,1.342,1.512,1.605,1.757,1.927,2.02,2.19,2.342,2.512,2.605,2.757
47,47,0.02,0.19,0.342,0.512,0.605,0.757,0.927,1.02,1.19,1.342,1.512,1.605,1.757,1.927,2.02,2.19,2.342,2.512,2.605,2.757
48,48,0.02,0.19,0.342,0.512,0.605,0.775,0.927,1.02,1.19,1.342,1.512,1.605,1.775,1.927,2.02,2.19,2.342,2.512,2.605,2.775
49,49,0.02,0.19,0.342,0.512,0.605,0.775,0.927,1.02,1.19,1.342,1.512,1.605,1.775,1.927,2.02,2.19,2.342,2.512,2.605,2.775
50,50,0.097,0.19,0.342,0.512,0.605,0.775,0.927,1.097,1.19,1.342,1.512,1.605,1.775,1.927,2.097,2.19,2.342,2.512,2.605,2.775
51,51,0.097,0.19,0.342,0.512,0.605,0.775,0.927,1.097,1.19,1.342,1.512,1.605,1.775,1.927,2.097,2.19,2.342,2.512,2.605,2.775
52,52,0.097,0.19,0.36,0.512,0.605,0.775,0.927,1.097,1.19,1.36,1.512,1.605,1.775,1.927,2.097,2.19,2.36,2.512,2.605,2.775
53,53,0.097,0.19,0.36,0.512,0.605,0.775,0.927,1.097,1.19,1.36,1.512,1.605,1.775,1.927,2.097,2.19,2.36,2.512,2.605,2.775
54,54,0.097,0.19,0.36,0.512,0.682,0.775,0.927,1.097,1.19,1.36,1.512,1.682,1.775,1.927,2.097,2.19,2.36,2.512,2.682,2.775
55,55,0.097,0.19,0.36,0.512,0.682,0.775,0.927,1.097,1.19,1.36,1.512,1.682,1.775,1.927,2.097,2.19,2.36,2.512,2.682,2.775
56,56,0.097,0.19,0.36,0.512,0.682,0.775,0.945,1.097,1.19,1.36,1.512,1.682,1.775,1.945,2.097,2.19,2.36,2.512,2.682,2.775
57,57,0.097,0.19,0.36,0.512,0.682,0.775,0.945,1.097,1.19,1.36,1.512,1.682,1.775,1.945,2.097,2.19,2.36,2.512,2.682,2.775
58,58,0.097,0.267,0.36,0.512,0.682,0.775,0.945,1.097,1.267,1.36,1.512,1.682,1.775,1.945,2.097,2.267,2.36,2.512,2.682,2.775
59,59,0.097,0.267,0.36,0.512,0.682,0.775,0.945,1.097,1.267,1.36,1.512,1.682,1.775,1.945,2.097,2.267,2.36,2.512,2.682,2.775
60,60,0.097,0.267,0.36,0.53,0.682,0.775,0.945,1.097,1.267,1.36,1.53,1.682,1.775,1.945,2.097,2.267,2.36,2.53,2.682,2.775
61,61,0.097,0.267,0.36,0.53,0.682,0.775,0.945,1.097,1.267,1.36,1.53,1.682,1.775,1.945,2.097,2.267,2.36,2.53,2.682,2.775
62,62,0.097,0.267,0.36,0.53,0.682,0.852,0.945,1.097,1.267,1.36,1.53,1.682,1.852,1.945,2.097,2.267,2.36,2.53,2.682,2.852
63,63,0.097,0.267,0.36,0.53,0.682,0.852,0.945,1.097,1.267,1.36,1.53,1.682,1.852,1.945,2.097,2.267,2.36,2.53,2.682,2.852
64,64,0.115,0.267,0.36,0.53,0.682,0.852,0.945,1.115,1.267,1.36,1.53,1.682,1.852,1.945,2.115,2.267,2.36,2.53,2.682,2.852
65,65,0.115,0.267,0.36,0.53,0.682,0.852,0.945,1.115,1.267,1.36,1.53,1.682,1.852,1.945,2.115,2.267,2.36,2.53,2.682,2.852
66,66,0.115,0.267,0.437,0.53,0.682,0.852,0.945,1.115,1.267,1.437,1.53,1.682,1.852,1.945,2.115,2.267,2.437,2.53,2.682,2.852
67,67,0.115,0.267,0.437,0.53,0.682,0.852,0.945,1.115,1.267,1.437,1.53,1.682,1.852,1.945,2.115,2.267,2.437,2.53,2.682,2.852
68,68,0.115,0.267,0.437,0.53,0.7,0.852,0.945,1.115,1.267,1.437,1.53,1.7,1.852,1.945,2.115,2.267,2.437,2.53,2.7,2.852
69,69,0.115,0.267,0.437,0.53,0.7,0.852,0.945,1.115,1.267,1.437,1.53,1.7,1.852,1.945,2.115,2.267,2.437,2.53,2.7,2.852
70,70,0.022,0.115,0.267,0.437,0.53,0.7,0.852,1.022,1.115,1.267,1.437,1.53,1.7,1.852,2.022,2.115,2.267,2.437,2.53,2.7
71,71,0.022,0.115,0.267,0.437,0.53,0.7,0.852,1.022,1.115,1.267,1.437,1.53,1.7,1.852,2.022,2.115,2.267,2.437,2.53,2.7
72,72,0.022,0.115,0.285,0.437,0.53,0.7,0.852,1.022,1.115,1.285,1.437,1.53,1.7,1.852,2.022,2.115,2.285,2.437,2.53,2.7
73,73,0.022,0.115,0.285,0.437,0.53,0.7,0.852,1.022,1.115,1.285,1.437,1.53,1.7,1.852,2.022,2.115,2.285,2.437,2.53,2.7
74,74,0.022,0.115,0.285,0.437,0.607,0.7,0.852,1.022,1.115,1.285,1.437,1.607,1.7,1.852,2.022,2.115,2.285,2.437,2.607,2.7
75,75,0.022,0.115,0.285,0.437,0.607,0.7,0.852,1.022,1.115,1.285,1.437,1.607,1.7,1.852,2.022,2.115,2.285,2.437,2.607,2.7
76,76,0.022,0.115,0.285,0.437,0.607,0.7,0.87,1.022,1.115,1.285,1.437,1.607,1.7,1.87,2.022,2.115,2.285,2.437,2.607,2.7
77,77,0.022,0.115,0.285,0.437,0.607,0.7,0.87,1.022,1.115,1.285,1.437,1.607,1.7,1.87,2.022,2.115,2.285,2.437,2.607,2.7
78,78,0.022,0.192,0.285,0.437,0.607,0.7,0.87,1.022,1.192,1.285,1.437,1.607,1.7,1.87,2.022,2.192,2.285,2.437,2.607,2.7
79,79,0.022,0.192,0.285,0.437,0.607,0.7,0.87,1.022,1.192,1.285,1.437,1.607,1.7,1.87,2.022,2.192,2.285,2.437,2.607,2.7
80,80,0.022,0.192,0.285,0.455,0.607,0.7,0.87,1.022,1.192,1.285,1.455,1.607,1.7,1.87,2.022,2.192,2.285,2.455,2.607,2.7
81,81,0.022,0.192,0.285,0.455,0.607,0.7,0.87,1.022,1.192,1.285,1.455,1.607,1.7,1.87,2.022,2.192,2.285,2.455,2.607,2.7
82,82,0.022,0.192,0.285,0.455,0.607,0.777,0.87,1.022,1.192,1.285,1.455,1.607,1.777,1.87,2.022,2.192,2.285,2.455,2.607,2.777
83,83,0.022,0.192,0.285,0.455,0.607,0.777,0.87,1.022,1.192,1.285,1.455,1.607,1.777,1.87,2.022,2.192,2.285,2.455,2.607,2.777
84,84,0.04,0.192,0.285,0.455,0.607,0.777,0.87,1.04,1.192,1.285,1.455,1.607,1.777,1.87,2.04,2.192,2.285,2.455,2.607,2.777
85,85,0.04,0.192,0.285,0.455,0.607,0.777,0.87,1.04,1.192,1.285,1.455,1.607,1.777,1.87,2.04,2.192,2.285,2.455,2.607,2.777
86,86,0.04,0.192,0.362,0.455,0.607,0.777,0.87,1.04,1.192,1.362,1.455,1.607,1.777,1.87,2.04,2.192,2.362,2.455,2.607,2.777
87,87,0.04,0.192,0.362,0.455,0.607,0.777,0.87,1.04,1.192,1.362,1.455,1.607,1.777,1.87,2.04,2.192,2.362,2.455,2.607,2.777
88,88,0.04,0.192,0.362,0.455,0.625,0.777,0.87,1.04,1.192,1.362,1.455,1.625,1.777,1.87,2.04,2.192,2.362,2.455,2.625,2.777
89,89,0.04,0.192,0.362,0.455,0.625,0.777,0.87,1.04,1.192,1.362,1.455,1.625,1.777,1.87,2.04,2.192,2.362,2.455,2.625,2.777
90,90,0.04,0.192,0.362,0.455,0.625,0.777,0.947,1.04,1.192,1.362,1.455,1.625,1.777,1.947,2.04,2.192,2.362,2.455,2.625,2.777
91,91,0.04,0.192,0.362,0.455,0.625,0.777,0.947,1.04,1.192,1.362,1.455,1.625,1.777,1.947,2.04,2.192,2.362,2.455,2.625,2.777
92,92,0.04,0.21,0.362,0.455,0.625,0.777,0.947,1.04,1.21,1.362,1.455,1.625,1.777,1.947,2.04,2.21,2.362,2.455,2.625,2.777
93,93,0.04,0.21,0.362,0.455,0.625,0.777,0.947,1.04,1.21,1.362,1.455,1.625,1.777,1.947,2.04,2.21,2.362,2.455,2.625,2.777
94,94,0.04,0.21,0.362,0.532,0.625,0.777,0.947,1.04,1.21,1.362,1.532,1.625,1.777,1.947,2.04,2.21,2.362,2.532,2.625,2.777
95,95,0.04,0.21,0.362,0.532,0.625,0.777,0.947,1.04,1.21,1.362,1.532,1.625,1.777,1.947,2.04,2.21,2.362,2.532,2.625,2.777
96,96,0.04,0.21,0.362,0.532,0.625,0.795,0.947,1.04,1.21,1.362,1.532,1.625,1.795,1.947,2.04,2.21,2.362,2.532,2.625,2.795
97,97,0.04,0.21,0.362,0.532,0.625,0.795,0.947,1.04,1.21,1.362,1.532,1.625,1.795,1.947,2.04,2.21,2.362,2.532,2.625,2.795
98,98,0.117,0.21,0.362,0.532,0.625,0.795,0.947,1.117,1.21,1.362,1.532,1.625,1.795,1.947,2.117,2.21,2.362,2.532,2.625,2.795
99,99,0.117,0.21,0.362,0.532,0.625,0.795,0.947,1.117,1.21,1.362,1.532,1.625,1.795,1.947,2.117,2.21,2.362,2.532,2.625,2.795
100,100,0.117,0.21,0.38,0.532,0.625,0.795,0.947,1.117,1.21,1.38,1.532,1.625,1.795,1.947,2.117,2.21,2.38,2.532,2.625,2.795
101,101,0.117,0.21,0.38,0.532,0.625,0.795,0.947,1.117,1.21,1.38,1.532,1.625,1.795,1.947,2.117,2.21,2.38,2.532,2.625,2.795
102,102,0.117,0.21,0.38,0.532,0.702,0.795,0.947,1.117,1.21,1.38,1.532,1.702,1.795,1.947,2.117,2.21,2.38,2.532,2.702,2.795
103,103,0.117,0.21,0.38,0.532,0.702,0.795,0.947,1.117,1.21,1.38,1.532,1.702,1.795,1.947,2.117,2.21,2.38,2.532,2.702,2.795
104,104,0.117,0.21,0.38,0.532,0.702,0.795,0.965,1.117,1.21,1.38,1.532,1.702,1.795,1.965,2.117,2.21,2.38,2.532,2.702,2.795
105,105,0.117,0.21,0.38,0.532,0.702,0.795,0.965,1.117,1.21,1.38,1.532,1.702,1.795,1.965,2.117,2.21,2.38,2.532,2.702,2.795
106,106,0.117,0.287,0.38,0.532,0.702,0.795,0.965,1.117,1.287,1.38,1.532,1.702,1.795,1.965,2.117,2.287,2.38,2.532,2.702,2.795
107,107,0.117,0.287,0.38,0.532,0.702,0.795,0.965,1.117,1.287,1.38,1.532,1.702,1.795,1.965,2.117,2.287,2.38,2.532,2.702,2.795
108,108,0.117,0.287,0.38,0.55,0.702,0.795,0.965,1.117,1.287,1.38,1.55,1.702,1.795,1.965,2.117,2.287,2.38,2.55,2.702,2.795
109,109,0.117,0.287,0.38,0.55,0.702,0.795,0.965,1.117,1.287,1.38,1.55,1.702,1.795,1.965,2.117,2.287,2.38,2.55,2.702,2.795
110,110,0.117,0.287,0.38,0.55,0.702,0.872,0.965,1.117,1.287,1.38,1.55,1.702,1.872,1.965,2.117,2.287,2.38,2.55,2.702,2.872
111,111,0.117,0.287,0.38,0.55,0.702,0.872,0.965,1.117,1.287,1.38,1.55,1.702,1.872,1.965,2.117,2.287,2.38,2.55,2.702,2.872
112,112,0.135,0.287,0.38,0.55,0.702,0.872,0.965,1.135,1.287,1.38,1.55,1.702,1.872,1.965,2.135,2.287,2.38,2.55,2.702,2.872
113,113,0.135,0.287,0.38,0.55,0.702,0.872,0.965,1.135,1.287,1.38,1.55,1.702,1.872,1.965,2.135,2.287,2.38,2.55,2.702,2.872
114,114,0.135,0.287,0.457,0.55,0.702,0.872,0.965,1.135,1.287,1.457,1.55,1.702,1.872,1.965,2.135,2.287,2.457,2.55,2.702,2.872
115,115,0.135,0.287,0.457,0.55,0.702,0.872,0.965,1.135,1.287,1.457,1.55,1.702,1.872,1.965,2.135,2.287,2.457,2.55,2.702,2.872
116,116,0.135,0.287,0.457,0.55,0.72,0.872,0.965,1.135,1.287,1.457,1.55,1.72,1.872,1.965,2.135,2.287,2.457,2.55,2.72,2.872
117,117,0.135,0.287,0.457,0.55,0.72,0.872,0.965,1.135,1.287,1.457,1.55,1.72,1.872,1.965,2.135,2.287,2.457,2.55,2.72,2.872
118,118,0.042,0.135,0.287,0.457,0.55,0.72,0.872,1.042,1.135,1.287,1.457,1.55,1.72,1.872,2.042,2.135,2.287,2.457,2.55,2.72
119,119,0.042,0.135,0.287,0.457,0.55,0.72,0.872,1.042,1.135,1.287,1.457,1.55,1.72,1.872,2.042,2.135,2.287,2.457,2.55,2.72
120,120,0.042,0.135,0.305,0.457,0.55,0.72,0.872,1.042,1.135,1.305,1.457,1.55,1.72,1.872,2.042,2.135,2.305,2.457,2.55,2.72
121,121,0.042,0.135,0.305,0.457,0.55,0.72,0.872,1.042,1.135,1.305,1.457,1.55,1.72,1.872,2.042,2.135,2.305,2.457,2.55,2.72
122,122,0.042,0.135,0.305,0.457,0.627,0.72,0.872,1.042,1.135,1.305,1.457,1.627,1.72,1.872,2.042,2.135,2.305,2.457,2.627,2.72
123,123,0.042,0.135,0.305,0.457,0.627,0.72,0.872,1.042,1.135,1.305,1.457,1.627,1.72,1.872,2.042,2.135,2.305,2.457,2.627,2.72
124,124,0.042,0.135,0.305,0.457,0.627,0.72,0.89,1.042,1.135,1.305,1.457,1.627,1.72,1.89,2.042,2.135,2.305,2.457,2.627,2.72
125,125,0.042,0.135,0.305,0.457,0.627,0.72,0.89,1.042,1.135,1.305,1.457,1.627,1.72,1.89,2.042,2.135,2.305,2.457,2.627,2.72
126,126,0.042,0.212,0.305,0.457,0.627,0.72,0.89,1.042,1.212,1.305,1.457,1.627,1.72,1.89,2.042,2.212,2.305,2.457,2.627,2.72
127,127,0.042,0.212,0.305,0.457,0.627,0.72,0.89,1.042,1.212,1.305,1.457,1.627,1.72,1.89,2.042,2.212,2.305,2.457,2.627,2.72
128,128,0.042,0.212,0.305,0.475,0.627,0.72,0.89,1.042,1.212,1.305,1.475,1.627,1.72,1.89,2.042,2.212,2.305,2.475,2.627,2.72
129,129,0.042,0.212,0.305,0.475,0.627,0.72,0.89,1.042,1.212,1.305,1.475,1.627,1.72,1.89,2.042,2.212,2.305,2.475,2.627,2.72
130,130,0.042,0.212,0.305,0.475,0.627,0.797,0.89,1.042,1.212,1.305,1.475,1.627,1.797,1.89,2.042,2.212,2.305,2.475,2.627,2.797
131,131,0.042,0.212,0.305,0.475,0.627,0.797,0.89,1.042,1.212,1.305,1.475,1.627,1.797,1.89,2.042,2.212,2.305,2.475,2.627,2.797
132,132,0.06,0.212,0.305,0.475,0.627,0.797,0.89,1.06,1.212,1.305,1.475,1.627,1.797,1.89,2.06,2.212,2.305,2.475,2.627,2.797
133,133,0.06,0.212,0.305,0.475,0.627,0.797,0.89,1.06,1.212,1.305,1.475,1.627,1.797,1.89,2.06,2.212,2.305,2.475,2.627,2.797
134,134,0.06,0.212,0.382,0.475,0.627,0.797,0.89,1.06,1.212,1.382,1.475,1.627,1.797,1.89,2.06,2.212,2.382,2.475,2.627,2.797
135,135,0.06,0.212,0.382,0.475,0.627,0.797,0.89,1.06,1.212,1.382,1.475,1.627,1.797,1.89,2.06,2.212,2.382,2.475,2.627,2.797
136,136,0.06,0.212,0.382,0.475,0.645,0.797,0.89,1.06,1.212,1.382,1.475,1.645,1.797,1.89,2.06,2.212,2.382,2.475,2.645,2.797
137,137,0.06,0.212,0.382,0.475,0.645,0.797,0.89,1.06,1.212,1.382,1.475,1.645,1.797,1.89,2.06,2.212,2.382,2.475,2.645,2.797
138,138,0.06,0.212,0.382,0.475,0.645,0.797,0.967,1.06,1.212,1.382,1.475,1.645,1.797,1.967,2.06,2.212,2.382,2.475,2.645,2.797
139,139,0.06,0.212,0.382,0.475,0.645,0.797,0.967,1.06,1.212,1.382,1.475,1.645,1.797,1.967,2.06,2.212,2.382,2.475,2.645,2.797
140,140,0.06,0.23,0.382,0.475,0.645,0.797,0.967,1.06,1.23,1.382,1.475,1.645,1.797,1.967,2.06,2.23,2.382,2.475,2.645,2.797
141,141,0.06,0.23,0.382,0.475,0.645,0.797,0.967,1.06,1.23,1.382,1.475,1.645,1.797,1.967,2.06,2.23,2.382,2.475,2.645,2.797
142,142,0.06,0.23,0.382,0.552,0.645,0.797,0.967,1.06,1.23,1.382,1.552,1.645,1.797,1.967,2.06,2.23,2.382,2.552,2.645,2.797
143,143,0.06,0.23,0.382,0.552,0.645,0.797,0.967,1.06,1.23,1.382,1.552,1.645,1.797,1.967,2.06,2.23,2.382,2.552,2.645,2.797
144,144,0.06,0.23,0.382,0.552,0.645,0.815,0.967,1.06,1.23,1.382,1.552,1.645,1.815,1.967,2.06,2.23,2.382,2.552,2.645,2.815
145,145,0.06,0.23,0.382,0.552,0.645,0.815,0.967,1.06,1.23,1.382,1.552,1.645,1.815,1.967,2.06,2.23,2.382,2.552,2.645,2.815
146,146,0.137,0.23,0.382,0.552,0.645,0.815,0.967,1.137,1.23,1.382,1.552,1.645,1.815,1.967,2.137,2.23,2.382,2.552,2.645,2.815
147,147,0.137,0.23,0.382,0.552,0.645,0.815,0.967,1.137,1.23,1.382,1.552,1.645,1.815,1.967,2.137,2.23,2.382,2.552,2.645,2.815
148,148,0.137,0.23,0.4,0.552,0.645,0.815,0.967,1.137,1.23,1.4,1.552,1.645,1.815,1.967,2.137,2.23,2.4,2.552,2.645,2.815
149,149,0.137,0.23,0.4,0.552,0.645,0.815,0.967,1.137,1.23,1.4,1.552,1.645,1.815,1.967,2.137,2.23,2.4,2.552,2.645,2.815
150,150,0.137,0.23,0.4,0.552,0.722,0.815,0.967,1.137,1.23,1.4,1.552,1.722,1.815,1.967,2.137,2.23,2.4,2.552,2.722,2.815
151,151,0.137,0.23,0.4,0.552,0.722,0.815,0.967,1.137,1.23,1.4,1.552,1.722,1.815,1.967,2.137,2.23,2.4,2.552,2.722,2.815
152,152,0.137,0.23,0.4,0.552,0.722,0.815,0.985,1.137,1.23,1.4,1.552,1.722,1.815,1.985,2.137,2.23,2.4,2.552,2.722,2.815
153,153,0.137,0.23,0.4,0.552,0.722,0.815,0.985,1.137,1.23,1.4,1.552,1.722,1.815,1.985,2.137,2.23,2.4,2.552,2.722,2.815
154,154,0.137,0.307,0.4,0.552,0.722,0.815,0.985,1.137,1.307,1.4,1.552,1.722,1.815,1.985,2.137,2.307,2.4,2.552,2.722,2.815
155,155,0.137,0.307,0.4,0.552,0.722,0.815,0.985,1.137,1.307,1.4,1.552,1.722,1.815,1.985,2.137,2.307,2.4,2.552,2.722,2.815
156,156,0.137,0.307,0.4,0.57,0.722,0.815,0.985,1.137,1.307,1.4,1.57,1.722,1.815,1.985,2.137,2.307,2.4,2.57,2.722,2.815
157,157,0.137,0.307,0.4,0.57,0.722,0.815,0.985,1.137,1.307,1.4,1.57,1.722,1.815,1.985,2.137,2.307,2.4,2.57,2.722,2.815
158,158,0.137,0.307,0.4,0.57,0.722,0.892,0.985,1.137,1.307,1.4,1.57,1.722,1.892,1.985,2.137,2.307,2.4,2.57,2.722,2.892
159,159,0.137,0.307,0.4,0.57,0.722,0.892,0.985,1.137,1.307,1.4,1.57,1.722,1.892,1.985,2.137,2.307,2.4,2.57,2.722,2.892
160,160,0.155,0.307,0.4,0.57,0.722,0.892,0.985,1.155,1.307,1.4,1.57,1.722,1.892,1.985,2.155,2.307,2.4,2.57,2.722,2.892
161,161,0.155,0.307,0.4,0.57,0.722,0.892,0.985,1.155,1.307,1.4,1.57,1.722,1.892,1.985,2.155,2.307,2.4,2.57,2.722,2.892
162,162,0.155,0.307,0.477,0.57,0.722,0.892,0.985,1.155,1.307,1.477,1.57,1.722,1.892,1.985,2.155,2.307,2.477,2.57,2.722,2.892
163,163,0.155,0.307,0.477,0.57,0.722,0.892,0.985,1.155,1.307,1.477,1.57,1.722,1.892,1.985,2.155,2.307,2.477,2.57,2.722,2.892
164,164,0.155,0.307,0.477,0.57,0.74,0.892,0.985,1.155,1.307,1.477,1.57,1.74,1.892,1.985,2.155,2.307,2.477,2.57,2.74,2.892
165,165,0.155,0.307,0.477,0.57,0.74,0.892,0.985,1.155,1.307,1.477,1.57,1.74,1.892,1.985,2.155,2.307,2.477,2.57,2.74,2.892
166,166,0.062,0.155,0.307,0.477,0.57,0.74,0.892,1.062,1.155,1.307,1.477,1.57,1.74,1.892,2.062,2.155,2.307,2.477,2.57,2.74
167,167,0.062,0.155,0.307,0.477,0.57,0.74,0.892,1.062,1.155,1.307,1.477,1.57,1.74,1.892,2.062,2.155,2.307,2.477,2.57,2.74
168,168,0.062,0.155,0.325,0.477,0.57,0.74,0.892,1.062,1.155,1.325,1.477,1.57,1.74,1.892,2.062,2.155,2.325,2.477,2.57,2.74
169,169,0.062,0.155,0.325,0.477,0.57,0.74,0.892,1.062,1.155,1.325,1.477,1.57,1.74,1.892,2.062,2.155,2.325,2.477,2.57,2.74
170,170,0.062,0.155,0.325,0.477,0.647,0.74,0.892,1.062,1.155,1.325,1.477,1.647,1.74,1.892,2.062,2.155,2.325,2.477,2.647,2.74
171,171,0.062,0.155,0.325,0.477,0.647,0.74,0.892,1.062,1.155,1.325,1.477,1.647,1.74,1.892,2.062,2.155,2.325,2.477,2.647,2.74
172,172,0.062,0.155,0.325,0.477,0.647,0.74,0.91,1.062,1.155,1.325,1.477,1.647,1.74,1.91,2.062,2.155,2.325,2.477,2.647,2.74
173,173,0.062,0.155,0.325,0.477,0.647,0.74,0.91,1.062,1.155,1.325,1.477,1.647,1.74,1.91,2.062,2.155,2.325,2.477,2.647,2.74
174,174,0.062,0.232,0.325,0.477,0.647,0.74,0.91,1.062,1.232,1.325,1.477,1.647,1.74,1.91,2.062,2.232,2.325,2.477,2.647,2.74
175,175,0.062,0.232,0.325,0.477,0.647,0.74,0.91,1.062,1.232,1.325,1.477,1.647,1.74,1.91,2.062,2.232,2.325,2.477,2.647,2.74
176,176,0.062,0.232,0.325,0.495,0.647,0.74,0.91,1.062,1.232,1.325,1.495,1.647,1.74,1.91,2.062,2.232,2.325,2.495,2.647,2.74
177,177,0.062,0.232,0.325,0.495,0.647,0.74,0.91,1.062,1.232,1.325,1.495,1.647,1.74,1.91,2.062,2.232,2.325,2.495,2.647,2.74
178,178,0.062,0.232,0.325,0.495,0.647,0.817,0.91,1.062,1.232,1.325,1.495,1.647,1.817,1.91,2.062,2.232,2.325,2.495,2.647,2.817
179,179,0.062,0.232,0.325,0.495,0.647,0.817,0.91,1.062,1.232,1.325,1.495,1.647,1.817,1.91,2.062,2.232,2.325,2.495,2.647,2.817
180,180,0.08,0.232,0.325,0.495,0.647,0.817,0.91,1.08,1.232,1.325,1.495,1.647,1.817,1.91,2.08,2.232,2.325,2.495,2.647,2.817
181,181,0.08,0.232,0.325,0.495,0.647,0.817,0.91,1.08,1.232,1.325,1.495,1.647,1.817,1.91,2.08,2.232,2.325,2.495,2.647,2.817
182,182,0.08,0.232,0.402,0.495,0.647,0.817,0.91,1.08,1.232,1.402,1.495,1.647,1.817,1.91,2.08,2.232,2.402,2.495,2.647,2.817
183,183,0.08,0.232,0.402,0.495,0.647,0.817,0.91,1.08,1.232,1.402,1.495,1.647,1.817,1.91,2.08,2.232,2.402,2.495,2.647,2.817
184,184,0.08,0.232,0.402,0.495,0.665,0.817,0.91,1.08,1.232,1.402,1.495,1.665,1.817,1.91,2.08,2.232,2.402,2.495,2.665,2.817
185,185,0.08,0.232,0.402,0.495,0.665,0.817,0.91,1.08,1.232,1.402,1.495,1.665,1.817,1.91,2.08,2.232,2.402,2.495,2.665,2.817
186,186,0.08,0.232,0.402,0.495,0.665,0.817,0.987,1.08,1.232,1.402,1.495,1.665,1.817,1.987,2.08,2.232,2.402,2.495,2.665,2.817
187,187,0.08,0.232,0.402,0.495,0.665,0.817,0.987,1.08,1.232,1.402,1.495,1.665,1.817,1.987,2.08,2.232,2.402,2.495,2.665,2.817
188,188,0.08,0.25,0.402,0.495,0.665,0.817,0.987,1.08,1.25,1.402,1.495,1.665,1.817,1.987,2.08,2.25,2.402,2.495,2.665,2.817
189,189,0.08,0.25,0.402,0.495,0.665,0.817,0.987,1.08,1.25,1.402,1.495,1.665,1.817,1.987,2.08,2.25,2.402,2.495,2.665,2.817
190,190,0.08,0.25,0.402,0.572,0.665,0.817,0.987,1.08,1.25,1.402,1.572,1.665,1.817,1.987,2.08,2.25,2.402,2.572,2.665,2.817
191,191,0.08,0.25,0.402,0.572,0.665,0.817,0.987,1.08,1.25,1.402,1.572,1.665,1.817,1.987,2.08,2.25,2.402,2.572,2.665,2.817
192,192,0.08,0.25,0.402,0.572,0.665,0.835,0.987,1.08,1.25,1.402,1.572,1.665,1.835,1.987,2.08,2.25,2.402,2.572,2.665,2.835
193,193,0.08,0.25,0.402,0.572,0.665,0.835,0.987,1.08,1.25,1.402,1.572,1.665,1.835,1.987,2.08,2.25,2.402,2.572,2.665,2.835
194,194,0.157,0.25,0.402,0.572,0.665,0.835,0.987,1.157,1.25,1.402,1.572,1.665,1.835,1.987,2.157,2.25,2.402,2.572,2.665,2.835
195,195,0.157,0.25,0.402,0.572,0.665,0.835,0.987,1.157,1.25,1.402,1.572,1.665,1.835,1.987,2.157,2.25,2.402,2.572,2.665,2.835
196,196,0.157,0.25,0.42,0.572,0.665,0.835,0.987,1.157,1.25,1.42,1.572,1.665,1.835,1.987,2.157,2.25,2.42,2.572,2.665,2.835
197,197,0.157,0.25,0.42,0.572,0.665,0.835,0.987,1.157,1.25,1.42,1.572,1.665,1.835,1.987,2.157,2.25,2.42,2.572,2.665,2.835
198,198,0.157,0.25,0.42,0.572,0.742,0.835,0.987,1.157,1.25,1.42,1.572,1.742,1.835,1.987,2.157,2.25,2.42,2.572,2.742,2.835
199,199,0.157,0.25,0.42,0.572,0.742,0.835,0.987,1.157,1.25,1.42,1.572,1.742,1.835,1.987,2.157,2.25,2.42,2.572,2.742,2.835
200,200,0.005,0.157,0.25,0.42,0.572,0.742,0.835,1.005,1.157,1.25,1.42,1.572,1.742,1.835,2.005,2.157,2.25,2.42,2.572,2.742
201,201,0.005,0.157,0.25,0.42,0.572,0.742,0.835,1.005,1.157,1.25,1.42,1.572,1.742,1.835,2.005,2.157,2.25,2.42,2.572,2.742
202,202,0.005,0.157,0.327,0.42,0.572,0.742,0.835,1.005,1.157,1.327,1.42,1.572,1.742,1.835,2.005,2.157,2.327,2.42,2.572,2.742
203,203,0.005,0.157,0.327,0.42,0.572,0.742,0.835,1.005,1.157,1.327,1.42,1.572,1.742,1.835,2.005,2.157,2.327,2.42,2.572,2.742
204,204,0.005,0.157,0.327,0.42,0.59,0.742,0.835,1.005,1.157,1.327,1.42,1.59,1.742,1.835,2.005,2.157,2.327,2.42,2.59,2.742
205,205,0.005,0.157,0.327,0.42,0.59,0.742,0.835,1.005,1.157,1.327,1.42,1.59,1.742,1.835,2.005,2.157,2.327,2.42,2.59,2.742
206,206,0.005,0.157,0.327,0.42,0.59,0.742,0.912,1.005,1.157,1.327,1.42,1.59,1.742,1.912,2.005,2.157,2.327,2.42,2.59,2.742
207,207,0.005,0.157,0.327,0.42,0.59,0.742,0.912,1.005,1.157,1.327,1.42,1.59,1.742,1.912,2.005,2.157,2.327,2.42,2.59,2.742
208,208,0.005,0.175,0.327,0.42,0.59,0.742,0.912,1.005,1.175,1.327,1.42,1.59,1.742,1.912,2.005,2.175,2.327,2.42,2.59,2.742
209,209,0.005,0.175,0.327,0.42,0.59,0.742,0.912,1.005,1.175,1.327,1.42,1.59,1.742,1.912,2.005,2.175,2.327,2.42,2.59,2.742
210,210,0.005,0.175,0.327,0.497,0.59,0.742,0.912,1.005,1.175,1.327,1.497,1.59,1.742,1.912,2.005,2.175,2.327,2.497,2.59,2.742
211,211,0.005,0.175,0.327,0.497,0.59,0.742,0.912,1.005,1.175,1.327,1.497,1.59,1.742,1.912,2.005,2.175,2.327,2.497,2.59,2.742
212,212,0.005,0.175,0.327,0.497,0.59,0.76,0.912,1.005,1.175,1.327,1.497,1.59,1.76,1.912,2.005,2.175,2.327,2.497,2.59,2.76
213,213,0.005,0.175,0.327,0.497,0.59,0.76,0.912,1.005,1.175,1.327,1.497,1.59,1.76,1.912,2.005,2.175,2.327,2.497,2.59,2.76
214,214,0.082,0.175,0.327,0.497,0.59,0.76,0.912,1.082,1.175,1.327,1.497,1.59,1.76,1.912,2.082,2.175,2.327,2.497,2.59,2.76
215,215,0.082,0.175,0.327,0.497,0.59,0.76,0.912,1.082,1.175,1.327,1.497,1.59,1.76,1.912,2.082,2.175,2.327,2.497,2.59,2.76
216,216,0.082,0.175,0.345,0.497,0.59,0.76,0.912,1.082,1.175,1.345,1.497,1.59,1.76,1.912,2.082,2.175,2.345,2.497,2.59,2.76
217,217,0.082,0.175,0.345,0.497,0.59,0.76,0.912,1.082,1.175,1.345,1.497,1.59,1.76,1.912,2.082,2.175,2.345,2.497,2.59,2.76
218,218,0.082,0.175,0.345,0.497,0.667,0.76,0.912,1.082,1.175,1.345,1.497,1.667,1.76,1.912,2.082,2.175,2.345,2.497,2.667,2.76
219,219,0.082,0.175,0.345,0.497,0.667,0.76,0.912,1.082,1.175,1.345,1.497,1.667,1.76,1.912,2.082,2.175,2.345,2.497,2.667,2.76
220,220,0.082,0.175,0.345,0.497,0.667,0.76,0.93,1.082,1.175,1.345,1.497,1.667,1.76,1.93,2.082,2.175,2.345,2.497,2.667,2.76
221,221,0.082,0.175,0.345,0.497,0.667,0.76,0.93,1.082,1.175,1.345,1.497,1.667,1.76,1.93,2.082,2.175,2.345,2.497,2.667,2.76
222,222,0.082,0.252,0.345,0.497,0.667,0.76,0.93,1.082,1.252,1.345,1.497,1.667,1.76,1.93,2.082,2.252,2.345,2.497,2.667,2.76
223,223,0.082,0.252,0.345,0.497,0.667,0.76,0.93,1.082,1.252,1.345,1.497,1.667,1.76,1.93,2.082,2.252,2.345,2.497,2.667,2.76
224,224,0.082,0.252,0.345,0.515,0.667,0.76,0.93,1.082,1.252,1.345,1.515,1.667,1.76,1.93,2.082,2.252,2.345,2.515,2.667,2.76
225,225,0.082,0.252,0.345,0.515,0.667,0.76,0.93,1.082,1.252,1.345,1.515,1.667,1.76,1.93,2.082,2.252,2.345,2.515,2.667,2.76
226,226,0.082,0.252,0.345,0.515,0.667,0.837,0.93,1.082,1.252,1.345,1.515,1.667,1.837,1.93,2.082,2.252,2.345,2.515,2.667,2.837
227,227,0.082,0.252,0.345,0.515,0.667,0.837,0.93,1.082,1.252,1.345,1.515,1.667,1.837,1.93,2.082,2.252,2.345,2.515,2.667,2.837
228,228,0.1,0.252,0.345,0.515,0.667,0.837,0.93,1.1,1.252,1.345,1.515,1.667,1.837,1.93,2.1,2.252,2.345,2.515,2.667,2.837
229,229,0.1,0.252,0.345,0.515,0.667,0.837,0.93,1.1,1.252,1.345,1.515,1.667,1.837,1.93,2.1,2.252,2.345,2.515,2.667,2.837
230,230,0.1,0.252,0.422,0.515,0.667,0.837,0.93,1.1,1.252,1.422,1.515,1.667,1.837,1.93,2.1,2.252,2.422,2.515,2.667,2.837
231,231,0.1,0.252,0.422,0.515,0.667,0.837,0.93,1.1,1.252,1.422,1.515,1.667,1.837,1.93,2.1,2.252,2.422,2.515,2.667,2.837
232,232,0.1,0.252,0.422,0.515,0.685,0.837,0.93,1.1,1.252,1.422,1.515,1.685,1.837,1.93,2.1,2.252,2.422,2.515,2.685,2.837
233,233,0.1,0.252,0.422,0.515,0.685,0.837,0.93,1.1,1.252,1.422,1.515,1.685,1.837,1.93,2.1,2.252,2.422,2.515,2.685,2.837
234,234,0.007,0.1,0.252,0.422,0.515,0.685,0.837,1.007,1.1,1.252,1.422,1.515,1.685,1.837,2.007,2.1,2.252,2.422,2.515,2.685
235,235,0.007,0.1,0.252,0.422,0.515,0.685,0.837,1.007,1.1,1.252,1.422,1.515,1.685,1.837,2.007,2.1,2.252,2.422,2.515,2.685
236,236,0.007,0.1,0.27,0.422,0.515,0.685,0.837,1.007,1.1,1.27,1.422,1.515,1.685,1.837,2.007,2.1,2.27,2.422,2.515,2.685
237,237,0.007,0.1,0.27,0.422,0.515,0.685,0.837,1.007,1.1,1.27,1.422,1.515,1.685,1.837,2.007,2.1,2.27,2.422,2.515,2.685
238,238,0.007,0.1,0.27,0.422,0.592,0.685,0.837,1.007,1.1,1.27,1.422,1.592,1.685,1.837,2.007,2.1,2.27,2.422,2.592,2.685
239,239,0.007,0.1,0.27,0.422,0.592,0.685,0.837,1.007,1.1,1.27,1.422,1.592,1.685,1.837,2.007,2.1,2.27,2.422,2.592,2.685
240,240,0.007,0.1,0.27,0.422,0.592,0.685,0.855,1.007,1.1,1.27,1.422,1.592,1.685,1.855,2.007,2.1,2.27,2.422,2.592,2.685
241,241,0.007,0.1,0.27,0.422,0.592,0.685,0.855,1.007,1.1,1.27,1.422,1.592,1.685,1.855,2.007,2.1,2.27,2.422,2.592,2.685
242,242,0.007,0.177,0.27,0.422,0.592,0.685,0.855,1.007,1.177,1.27,1.422,1.592,1.685,1.855,2.007,2.177,2.27,2.422,2.592,2.685
243,243,0.007,0.177,0.27,0.422,0.592,0.685,0.855,1.007,1.177,1.27,1.422,1.592,1.685,1.855,2.007,2.177,2.27,2.422,2.592,2.685
244,244,0.007,0.177,0.27,0.44,0.592,0.685,0.855,1.007,1.177,1.27,1.44,1.592,1.685,1.855,2.007,2.177,2.27,2.44,2.592,2.685
245,245,0.007,0.177,0.27,0.44,0.592,0.685,0.855,1.007,1.177,1.27,1.44,1.592,1.685,1.855,2.007,2.177,2.27,2.44,2.592,2.685
246,246,0.007,0.177,0.27,0.44,0.592,0.762,0.855,1.007,1.177,1.27,1.44,1.592,1.762,1.855,2.007,2.177,2.27,2.44,2.592,2.762
247,247,0.007,0.177,0.27,0.44,0.592,0.762,0.855,1.007,1.177,1.27,1.44,1.592,1.762,1.855,2.007,2.177,2.27,2.44,2.592,2.762
248,248,0.025,0.177,0.27,0.44,0.592,0.762,0.855,1.025,1.177,1.27,1.44,1.592,1.762,1.855,2.025,2.177,2.27,2.44,2.592,2.762
249,249,0.025,0.177,0.27,0.44,0.592,0.762,0.855,1.025,1.177,1.27,1.44,1.592,1.762,1.855,2.025,2.177,2.27,2.44,2.592,2.762
250,250,0.025,0.177,0.347,0.44,0.592,0.762,0.855,1.025,1.177,1.347,1.44,1.592,1.762,1.855,2.025,2.177,2.347,2.44,2.592,2.762
251,251,0.025,0.177,0.347,0.44,0.592,0.762,0.855,1.025,1.177,1.347,1.44,1.592,1.762,1.855,2.025,2.177,2.347,2.44,2.592,2.762
252,252,0.025,0.177,0.347,0.44,0.61,0.762,0.855,1.025,1.177,1.347,1.44,1.61,1.762,1.855,2.025,2.177,2.347,2.44,2.61,2.762
253,253,0.025,0.177,0.347,0.44,0.61,0.762,0.855,1.025,1.177,1.347,1.44,1.61,1.762,1.855,2.025,2.177,2.347,2.44,2.61,2.762
254,254,0.025,0.177,0.347,0.44,0.61,0.762,0.932,1.025,1.177,1.347,1.44,1.61,1.762,1.932,2.025,2.177,2.347,2.44,2.61,2.762
255,255,0.025,0.177,0.347,0.44,0.61,0.762,0.932,1.025,1.177,1.347,1.44,1.61,1.762,1.932,2.025,2.177,2.347,2.44,2.61,2.762
256,256,0.025,0.195,0.347,0.44,0.61,0.762,0.932,1.025,1.195,1.347,1.44,1.61,1.762,1.932,2.025,2.195,2.347,2.44,2.61,2.762
257,257,0.025,0.195,0.347,0.44,0.61,0.762,0.932,1.025,1.195,1.347,1.44,1.61,1.762,1.932,2.025,2.195,2.347,2.44,2.61,2.762
258,258,0.025,0.195,0.347,0.517,0.61,0.762,0.932,1.025,1.195,1.347,1.517,1.61,1.762,1.932,2.025,2.195,2.347,2.517,2.61,2.762
259,259,0.025,0.195,0.347,0.517,0.61,0.762,0.932,1.025,1.195,1.347,1.517,1.61,1.762,1.932,2.025,2.195,2.347,2.517,2.61,2.762
260,260,0.025,0.195,0.347,0.517,0.61,0.78,0.932,1.025,1.195,1.347,1.517,1.61,1.78,1.932,2.025,2.195,2.347,2.517,2.61,2.78
261,261,0.025,0.195,0.347,0.517,0.61,0.78,0.932,1.025,1.195,1.347,1.517,1.61,1.78,1.932,2.025,2.195,2.347,2.517,2.61,2.78
262,262,0.102,0.195,0.347,0.517,0.61,0.78,0.932,1.102,1.195,1.347,1.517,1.61,1.78,1.932,2.102,2.195,2.347,2.517,2.61,2.78
263,263,0.102,0.195,0.347,0.517,0.61,0.78,0.932,1.102,1.195,1.347,1.517,1.61,1.78,1.932,2.102,2.195,2.347,2.517,2.61,2.78
264,264,0.102,0.195,0.365,0.517,0.61,0.78,0.932,1.102,1.195,1.365,1.517,1.61,1.78,1.932,2.102,2.195,2.365,2.517,2.61,2.78
265,265,0.102,0.195,0.365,0.517,0.61,0.78,0.932,1.102,1.195,1.365,1.517,1.61,1.78,1.932,2.102,2.195,2.365,2.517,2.61,2.78
266,266,0.102,0.195,0.365,0.517,0.687,0.78,0.932,1.102,1.195,1.365,1.517,1.687,1.78,1.932,2.102,2.195,2.365,2.517,2.687,2.78
267,267,0.102,0.195,0.365,0.517,0.687,0.78,0.932,1.102,1.195,1.365,1.517,1.687,1.78,1.932,2.102,2.195,2.365,2.517,2.687,2.78
268,268,0.102,0.195,0.365,0.517,0.687,0.78,0.95,1.102,1.195,1.365,1.517,1.687,1.78,1.95,2.102,2.195,2.365,2.517,2.687,2.78
269,269,0.102,0.195,0.365,0.517,0.687,0.78,0.95,1.102,1.195,1.365,1.517,1.687,1.78,1.95,2.102,2.195,2.365,2.517,2.687,2.78
270,270,0.102,0.272,0.365,0.517,0.687,0.78,0.95,1.102,1.272,1.365,1.517,1.687,1.78,1.95,2.102,2.272,2.365,2.517,2.687,2.78
271,271,0.102,0.272,0.365,0.517,0.687,0.78,0.95,1.102,1.272,1.365,1.517,1.687,1.78,1.95,2.102,2.272,2.365,2.517,2.687,2.78
272,272,0.102,0.272,0.365,0.535,0.687,0.78,0.95,1.102,1.272,1.365,1.535,1.687,1.78,1.95,2.102,2.272,2.365,2.535,2.687,2.78
273,273,0.102,0.272,0.365,0.535,0.687,0.78,0.95,1.102,1.272,1.365,1.535,1.687,1.78,1.95,2.102,2.272,2.365,2.535,2.687,2.78
274,274,0.102,0.272,0.365,0.535,0.687,0.857,0.95,1.102,1.272,1.365,1.535,1.687,1.857,1.95,2.102,2.272,2.365,2.535,2.687,2.857
275,275,0.102,0.272,0.365,0.535,0.687,0.857,0.95,1.102,1.272,1.365,1.535,1.687,1.857,1.95,2.102,2.272,2.365,2.535,2.687,2.857
276,276,0.12,0.272,0.365,0.535,0.687,0.857,0.95,1.12,1.272,1.365,1.535,1.687,1.857,1.95,2.12,2.272,2.365,2.535,2.687,2.857
277,277,0.12,0.272,0.365,0.535,0.687,0.857,0.95,1.12,1.272,1.365,1.535,1.687,1.857,1.95,2.12,2.272,2.365,2.535,2.687,2.857
278,278,0.12,0.272,0.442,0.535,0.687,0.857,0.95,1.12,1.272,1.442,1.535,1.687,1.857,1.95,2.12,2.272,2.442,2.535,2.687,2.857
279,279,0.12,0.272,0.442,0.535,0.687,0.857,0.95,1.12,1.272,1.442,1.535,1.687,1.857,1.95,2.12,2.272,2.442,2.535,2.687,2.857
280,280,0.12,0.272,0.442,0.535,0.705,0.857,0.95,1.12,1.272,1.442,1.535,1.705,1.857,1.95,2.12,2.272,2.442,2.535,2.705,2.857
281,281,0.12,0.272,0.442,0.535,0.705,0.857,0.95,1.12,1.272,1.442,1.535,1.705,1.857,1.95,2.12,2.272,2.442,2.535,2.705,2.857
282,282,0.027,0.12,0.272,0.442,0.535,0.705,0.857,1.027,1.12,1.272,1.442,1.535,1.705,1.857,2.027,2.12,2.272,2.442,2.535,2.705
283,283,0.027,0.12,0.272,0.442,0.535,0.705,0.857,1.027,1.12,1.272,1.442,1.535,1.705,1.857,2.027,2.12,2.272,2.442,2.535,2.705
284,284,0.027,0.12,0.29,0.442,0.535,0.705,0.857,1.027,1.12,1.29,1.442,1.535,1.705,1.857,2.027,2.12,2.29,2.442,2.535,2.705
285,285,0.027,0.12,0.29,0.442,0.535,0.705,0.857,1.027,1.12,1.29,1.442,1.535,1.705,1.857,2.027,2.12,2.29,2.442,2.535,2.705
286,286,0.027,0.12,0.29,0.442,0.612,0.705,0.857,1.027,1.12,1.29,1.442,1.612,1.705,1.857,2.027,2.12,2.29,2.442,2.612,2.705
287,287,0.027,0.12,0.29,0.442,0.612,0.705,0.857,1.027,1.12,1.29,1.442,1.612,1.705,1.857,2.027,2.12,2.29,2.442,2.612,2.705
288,288,0.027,0.12,0.29,0.442,0.612,0.705,0.875,1.027,1.12,1.29,1.442,1.612,1.705,1.875,2.027,2.12,2.29,2.442,2.612,2.705
289,289,0.027,0.12,0.29,0.442,0.612,0.705,0.875,1.027,1.12,1.29,1.442,1.612,1.705,1.875,2.027,2.12,2.29,2.442,2.612,2.705
290,290,0.027,0.197,0.29,0.442,0.612,0.705,0.875,1.027,1.197,1.29,1.442,1.612,1.705,1.875,2.027,2.197,2.29,2.442,2.612,2.705
291,291,0.027,0.197,0.29,0.442,0.612,0.705,0.875,1.027,1.197,1.29,1.442,1.612,1.705,1.875,2.027,2.197,2.29,2.442,2.612,2.705
292,292,0.027,0.197,0.29,0.46,0.612,0.705,0.875,1.027,1.197,1.29,1.46,1.612,1.705,1.875,2.027,2.197,2.29,2.46,2.612,2.705
293,293,0.027,0.197,0.29,0.46,0.612,0.705,0.875,1.027,1.197,1.29,1.46,1.612,1.705,1.875,2.027,2.197,2.29,2.46,2.612,2.705
294,294,0.027,0.197,0.29,0.46,0.612,0.782,0.875,1.027,1.197,1.29,1.46,1.612,1.782,1.875,2.027,2.197,2.29,2.46,2.612,2.782
295,295,0.027,0.197,0.29,0.46,0.612,0.782,0.875,1.027,1.197,1.29,1.46,1.612,1.782,1.875,2.027,2.197,2.29,2.46,2.612,2.782
296,296,0.045,0.197,0.29,0.46,0.612,0.782,0.875,1.045,1.197,1.29,1.46,1.612,1.782,1.875,2.045,2.197,2.29,2.46,2.612,2.782
297,297,0.045,0.197,0.29,0.46,0.612,0.782,0.875,1.045,1.197,1.29,1.46,1.612,1.782,1.875,2.045,2.197,2.29,2.46,2.612,2.782
298,298,0.045,0.197,0.367,0.46,0.612,0.782,0.875,1.045,1.197,1.367,1.46,1.612,1.782,1.875,2.045,2.197,2.367,2.46,2.612,2.782
299,299,0.045,0.197,0.367,0.46,0.612,0.782,0.875,1.045,1.197,1.367,1.46,1.612,1.782,1.875,2.045,2.197,2.367,2.46,2.612,2.782
300,300,0.045,0.197,0.367,0.46,0.63,0.782,0.875,1.045,1.197,1.367,1.46,1.63,1.782,1.875,2.045,2.197,2.367,2.46,2.63,2.782
301,301,0.045,0.197,0.367,0.46,0.63,0.782,0.875,1.045,1.197,1.367,1.46,1.63,1.782,1.875,2.045,2.197,2.367,2.46,2.63,2.782
302,302,0.045,0.197,0.367,0.46,0.63,0.782,0.952,1.045,1.197,1.367,1.46,1.63,1.782,1.952,2.045,2.197,2.367,2.46,2.63,2.782
303,303,0.045,0.197,0.367,0.46,0.63,0.782,0.952,1.045,1.197,1.367,1.46,1.63,1.782,1.952,2.045,2.197,2.367,2.46,2.63,2.782
304,304,0.045,0.215,0.367,0.46,0.63,0.782,0.952,1.045,1.215,1.367,1.46,1.63,1.782,1.952,2.045,2.215,2.367,2.46,2.63,2.782
305,305,0.045,0.215,0.367,0.46,0.63,0.782,0.952,1.045,1.215,1.367,1.46,1.63,1.782,1.952,2.045,2.215,2.367,2.46,2.63,2.782
306,306,0.045,0.215,0.367,0.537,0.63,0.782,0.952,1.045,1.215,1.367,1.537,1.63,1.782,1.952,2.045,2.215,2.367,2.537,2.63,2.782
307,307,0.045,0.215,0.367,0.537,0.63,0.782,0.952,1.045,1.215,1.367,1.537,1.63,1.782,1.952,2.045,2.215,2.367,2.537,2.63,2.782
308,308,0.045,0.215,0.367,0.537,0.63,0.8,0.952,1.045,1.215,1.367,1.537,1.63,1.8,1.952,2.045,2.215,2.367,2.537,2.63,2.8
309,309,0.045,0.215,0.367,0.537,0.63,0.8,0.952,1.045,1.215,1.367,1.537,1.63,1.8,1.952,2.045,2.215,2.367,2.537,2.63,2.8
310,310,0.122,0.215,0.367,0.537,0.63,0.8,0.952,1.122,1.215,1.367,1.537,1.63,1.8,1.952,2.122,2.215,2.367,2.537,2.63,2.8
311,311,0.122,0.215,0.367,0.537,0.63,0.8,0.952,1.122,1.215,1.367,1.537,1.63,1.8,1.952,2.122,2.215,2.367,2.537,2.63,2.8
312,312,0.122,0.215,0.385,0.537,0.63,0.8,0.952,1.122,1.215,1.385,1.537,1.63,1.8,1.952,2.122,2.215,2.385,2.537,2.63,2.8
313,313,0.122,0.215,0.385,0.537,0.63,0.8,0.952,1.122,1.215,1.385,1.537,1.63,1.8,1.952,2.122,2.215,2.385,2.537,2.63,2.8
314,314,0.122,0.215,0.385,0.537,0.707,0.8,0.952,1.122,1.215,1.385,1.537,1.707,1.8,1.952,2.122,2.215,2.385,2.537,2.707,2.8
315,315,0.122,0.215,0.385,0.537,0.707,0.8,0.952,1.122,1.215,1.385,1.537,1.707,1.8,1.952,2.122,2.215,2.385,2.537,2.707,2.8
316,316,0.122,0.215,0.385,0.537,0.707,0.8,0.97,1.122,1.215,1.385,1.537,1.707,1.8,1.97,2.122,2.215,2.385,2.537,2.707,2.8
317,317,0.122,0.215,0.385,0.537,0.707,0.8,0.97,1.122,1.215,1.385,1.537,1.707,1.8,1.97,2.122,2.215,2.385,2.537,2.707,2.8
318,318,0.122,0.292,0.385,0.537,0.707,0.8,0.97,1.122,1.292,1.385,1.537,1.707,1.8,1.97,2.122,2.292,2.385,2.537,2.707,2.8
319,319,0.122,0.292,0.385,0.537,0.707,0.8,0.97,1.122,1.292,1.385,1.537,1.707,1.8,1.97,2.122,2.292,2.385,2.537,2.707,2.8
320,320,0.122,0.292,0.385,0.555,0.707,0.8,0.97,1.122,1.292,1.385,1.555,1.707,1.8,1.97,2.122,2.292,2.385,2.555,2.707,2.8
321,321,0.122,0.292,0.385,0.555,0.707,0.8,0.97,1.122,1.292,1.385,1.555,1.707,1.8,1.97,2.122,2.292,2.385,2.555,2.707,2.8
322,322,0.122,0.292,0.385,0.555,0.707,0.877,0.97,1.122,1.292,1.385,1.555,1.707,1.877,1.97,2.122,2.292,2.385,2.555,2.707,2.877
323,323,0.122,0.292,0.385,0.555,0.707,0.877,0.97,1.122,1.292,1.385,1.555,1.707,1.877,1.97,2.122,2.292,2.385,2.555,2.707,2.877
324,324,0.14,0.292,0.385,0.555,0.707,0.877,0.97,1.14,1.292,1.385,1.555,1.707,1.877,1.97,2.14,2.292,2.385,2.555,2.707,2.877
325,325,0.14,0.292,0.385,0.555,0.707,0.877,0.97,1.14,1.292,1.385,1.555,1.707,1.877,1.97,2.14,2.292,2.385,2.555,2.707,2.877
326,326,0.14,0.292,0.462,0.555,0.707,0.877,0.97,1.14,1.292,1.462,1.555,1.707,1.877,1.97,2.14,2.292,2.462,2.555,2.707,2.877
327,327,0.14,0.292,0.462,0.555,0.707,0.877,0.97,1.14,1.292,1.462,1.555,1.707,1.877,1.97,2.14,2.292,2.462,2.555,2.707,2.877
328,328,0.14,0.292,0.462,0.555,0.725,0.877,0.97,1.14,1.292,1.462,1.555,1.725,1.877,1.97,2.14,2.292,2.462,2.555,2.725,2.877
329,329,0.14,0.292,0.462,0.555,0.725,0.877,0.97,1.14,1.292,1.462,1.555,1.725,1.877,1.97,2.14,2.292,2.462,2.555,2.725,2.877
330,330,0.047,0.14,0.292,0.462,0.555,0.725,0.877,1.047,1.14,1.292,1.462,1.555,1.725,1.877,2.047,2.14,2.292,2.462,2.555,2.725
331,331,0.047,0.14,0.292,0.462,0.555,0.725,0.877,1.047,1.14,1.292,1.462,1.555,1.725,1.877,2.047,2.14,2.292,2.462,2.555,2.725
332,332,0.047,0.14,0.31,0.462,0.555,0.725,0.877,1.047,1.14,1.31,1.462,1.555,1.725,1.877,2.047,2.14,2.31,2.462,2.555,2.725
333,333,0.047,0.14,0.31,0.462,0.555,0.725,0.877,1.047,1.14,1.31,1.462,1.555,1.725,1.877,2.047,2.14,2.31,2.462,2.555,2.725
334,334,0.047,0.14,0.31,0.462,0.632,0.725,0.877,1.047,1.14,1.31,1.462,1.632,1.725,1.877,2.047,2.14,2.31,2.462,2.632,2.725
335,335,0.047,0.14,0.31,0.462,0.632,0.725,0.877,1.047,1.14,1.31,1.462,1.632,1.725,1.877,2.047,2.14,2.31,2.462,2.632,2.725
336,336,0.047,0.14,0.31,0.462,0.632,0.725,0.895,1.047,1.14,1.31,1.462,1.632,1.725,1.895,2.047,2.14,2.31,2.462,2.632,2.725
337,337,0.047,0.14,0.31,0.462,0.632,0.725,0.895,1.047,1.14,1.31,1.462,1.632,1.725,1.895,2.047,2.14,2.31,2.462,2.632,2.725
338,338,0.047,0.217,0.31,0.462,0.632,0.725,0.895,1.047,1.217,1.31,1.462,1.632,1.725,1.895,2.047,2.217,2.31,2.462,2.632,2.725
339,339,0.047,0.217,0.31,0.462,0.632,0.725,0.895,1.047,1.217,1.31,1.462,1.632,1.725,1.895,2.047,2.217,2.31,2.462,2.632,2.725
340,340,0.047,0.217,0.31,0.48,0.632,0.725,0.895,1.047,1.217,1.31,1.48,1.632,1.725,1.895,2.047,2.217,2.31,2.48,2.632,2.725
341,341,0.047,0.217,0.31,0.48,0.632,0.725,0.895,1.047,1.217,1.31,1.48,1.632,1.725,1.895,2.047,2.217,2.31,2.48,2.632,2.725
342,342,0.047,0.217,0.31,0.48,0.632,0.802,0.895,1.047,1.217,1.31,1.48,1.632,1.802,1.895,2.047,2.217,2.31,2.48,2.632,2.802
343,343,0.047,0.217,0.31,0.48,0.632,0.802,0.895,1.047,1.217,1.31,1.48,1.632,1.802,1.895,2.047,2.217,2.31,2.48,2.632,2.802
344,344,0.065,0.217,0.31,0.48,0.632,0.802,0.895,1.065,1.217,1.31,1.48,1.632,1.802,1.895,2.065,2.217,2.31,2.48,2.632,2.802
345,345,0.065,0.217,0.31,0.48,0.632,0.802,0.895,1.065,1.217,1.31,1.48,1.632,1.802,1.895,2.065,2.217,2.31,2.48,2.632,2.802
346,346,0.065,0.217,0.387,0.48,0.632,0.802,0.895,1.065,1.217,1.387,1.48,1.632,1.802,1.895,2.065,2.217,2.387,2.48,2.632,2.802
347,347,0.065,0.217,0.387,0.48,0.632,0.802,0.895,1.065,1.217,1.387,1.48,1.632,1.802,1.895,2.065,2.217,2.387,2.48,2.632,2.802
348,348,0.065,0.217,0.387,0.48,0.65,0.802,0.895,1.065,1.217,1.387,1.48,1.65,1.802,1.895,2.065,2.217,2.387,2.48,2.65,2.802
349,349,0.065,0.217,0.387,0.48,0.65,0.802,0.895,1.065,1.217,1.387,1.48,1.65,1.802,1.895,2.065,2.217,2.387,2.48,2.65,2.802
350,350,0.065,0.217,0.387,0.48,0.65,0.802,0.972,1.065,1.217,1.387,1.48,1.65,1.802,1.972,2.065,2.217,2.387,2.48,2.65,2.802
351,351,0.065,0.217,0.387,0.48,0.65,0.802,0.972,1.065,1.217,1.387,1.48,1.65,1.802,1.972,2.065,2.217,2.387,2.48,2.65,2.802
352,352,0.065,0.235,0.387,0.48,0.65,0.802,0.972,1.065,1.235,1.387,1.48,1.65,1.802,1.972,2.065,2.235,2.387,2.48,2.65,2.802
353,353,0.065,0.235,0.387,0.48,0.65,0.802,0.972,1.065,1.235,1.387,1.48,1.65,1.802,1.972,2.065,2.235,2.387,2.48,2.65,2.802
354,354,0.065,0.235,0.387,0.557,0.65,0.802,0.972,1.065,1.235,1.387,1.557,1.65,1.802,1.972,2.065,2.235,2.387,2.557,2.65,2.802
355,355,0.065,0.235,0.387,0.557,0.65,0.802,0.972,1.065,1.235,1.387,1.557,1.65,1.802,1.972,2.065,2.235,2.387,2.557,2.65,2.802
356,356,0.065,0.235,0.387,0.557,0.65,0.82,0.972,1.065,1.235,1.387,1.557,1.65,1.82,1.972,2.065,2.235,2.387,2.557,2.65,2.82
357,357,0.065,0.235,0.387,0.557,0.65,0.82,0.972,1.065,1.235,1.387,1.557,1.65,1.82,1.972,2.065,2.235,2.387,2.557,2.65,2.82
358,358,0.142,0.235,0.387,0.557,0.65,0.82,0.972,1.142,1.235,1.387,1.557,1.65,1.82,1.972,2.142,2.235,2.387,2.557,2.65,2.82
359,359,0.142,0.235,0.387,0.557,0.65,0.82,0.972,1.142,1.235,1.387,1.557,1.65,1.82,1.972,2.142,2.235,2.387,2.557,2.65,2.82
360,360,0.142,0.235,0.405,0.557,0.65,0.82,0.972,1.142,1.235,1.405,1.557,1.65,1.82,1.972,2.142,2.235,2.405,2.557,2.65,2.82
361,361,0.142,0.235,0.405,0.557,0.65,0.82,0.972,1.142,1.235,1.405,1.557,1.65,1.82,1.972,2.142,2.235,2.405,2.557,2.65,2.82
362,362,0.142,0.235,0.405,0.557,0.727,0.82,0.972,1.142,1.235,1.405,1.557,1.727,1.82,1.972,2.142,2.235,2.405,2.557,2.727,2.82
363,363,0.142,0.235,0.405,0.557,0.727,0.82,0.972,1.142,1.235,1.405,1.557,1.727,1.82,1.972,2.142,2.235,2.405,2.557,2.727,2.82
364,364,0.142,0.235,0.405,0.557,0.727,0.82,0.99,1.142,1.235,1.405,1.557,1.727,1.82,1.99,2.142,2.235,2.405,2.557,2.727,2.82
365,365,0.142,0.235,0.405,0.557,0.727,0.82,0.99,1.142,1.235,1.405,1.557,1.727,1.82,1.99,2.142,2.235,2.405,2.557,2.727,2.82
366,366,0.142,0.312,0.405,0.557,0.727,0.82,0.99,1.142,1.312,1.405,1.557,1.727,1.82,1.99,2.142,2.312,2.405,2.557,2.727,2.82
367,367,0.142,0.312,0.405,0.557,0.727,0.82,0.99,1.142,1.312,1.405,1.557,1.727,1.82,1.99,2.142,2.312,2.405,2.557,2.727,2.82
368,368,0.142,0.312,0.405,0.575,0.727,0.82,0.99,1.142,1.312,1.405,1.575,1.727,1.82,1.99,2.142,2.312,2.405,2.575,2.727,2.82
369,369,0.142,0.312,0.405,0.575,0.727,0.82,0.99,1.142,1.312,1.405,1.575,1.727,1.82,1.99,2.142,2.312,2.405,2.575,2.727,2.82
370,370,0.142,0.312,0.405,0.575,0.727,0.897,0.99,1.142,1.312,1.405,1.575,1.727,1.897,1.99,2.142,2.312,2.405,2.575,2.727,2.897
371,371,0.142,0.312,0.405,0.575,0.727,0.897,0.99,1.142,1.312,1.405,1.575,1.727,1.897,1.99,2.142,2.312,2.405,2.575,2.727,2.897
372,372,0.16,0.312,0.405,0.575,0.727,0.897,0.99,1.16,1.312,1.405,1.575,1.727,1.897,1.99,2.16,2.312,2.405,2.575,2.727,2.897
373,373,0.16,0.312,0.405,0.575,0.727,0.897,0.99,1.16,1.312,1.405,1.575,1.727,1.897,1.99,2.16,2.312,2.405,2.575,2.727,2.897
374,374,0.16,0.312,0.482,0.575,0.727,0.897,0.99,1.16,1.312,1.482,1.575,1.727,1.897,1.99,2.16,2.312,2.482,2.575,2.727,2.897
375,375,0.16,0.312,0.482,0.575,0.727,0.897,0.99,1.16,1.312,1.482,1.575,1.727,1.897,1.99,2.16,2.312,2.482,2.575,2.727,2.897
376,376,0.16,0.312,0.482,0.575,0.745,0.897,0.99,1.16,1.312,1.482,1.575,1.745,1.897,1.99,2.16,2.312,2.482,2.575,2.745,2.897
377,377,0.16,0.312,0.482,0.575,0.745,0.897,0.99,1.16,1.312,1.482,1.575,1.745,1.897,1.99,2.16,2.312,2.482,2.575,2.745,2.897
378,378,0.067,0.16,0.312,0.482,0.575,0.745,0.897,1.067,1.16,1.312,1.482,1.575,1.745,1.897,2.067,2.16,2.312,2.482,2.575,2.745
379,379,0.067,0.16,0.312,0.482,0.575,0.745,0.897,1.067,1.16,1.312,1.482,1.575,1.745,1.897,2.067,2.16,2.312,2.482,2.575,2.745
380,380,0.067,0.16,0.33,0.482,0.575,0.745,0.897,1.067,1.16,1.33,1.482,1.575,1.745,1.897,2.067,2.16,2.33,2.482,2.575,2.745
381,381,0.067,0.16,0.33,0.482,0.575,0.745,0.897,1.067,1.16,1.33,1.482,1.575,1.745,1.897,2.067,2.16,2.33,2.482,2.575,2.745
382,382,0.067,0.16,0.33,0.482,0.652,0.745,0.897,1.067,1.16,1.33,1.482,1.652,1.745,1.897,2.067,2.16,2.33,2.482,2.652,2.745
383,383,0.067,0.16,0.33,0.482,0.652,0.745,0.897,1.067,1.16,1.33,1.482,1.652,1.745,1.897,2.067,2.16,2.33,2.482,2.652,2.745
384,384,0.067,0.16,0.33,0.482,0.652,0.745,0.915,1.067,1.16,1.33,1.482,1.652,1.745,1.915,2.067,2.16,2.33,2.482,2.652,2.745
385,385,0.067,0.16,0.33,0.482,0.652,0.745,0.915,1.067,1.16,1.33,1.482,1.652,1.745,1.915,2.067,2.16,2.33,2.482,2.652,2.745
386,386,0.067,0.237,0.33,0.482,0.652,0.745,0.915,1.067,1.237,1.33,1.482,1.652,1.745,1.915,2.067,2.237,2.33,2.482,2.652,2.745
387,387,0.067,0.237,0.33,0.482,0.652,0.745,0.915,1.067,1.237,1.33,1.482,1.652,1.745,1.915,2.067,2.237,2.33,2.482,2.652,2.745
388,388,0.067,0.237,0.33,0.5,0.652,0.745,0.915,1.067,1.237,1.33,1.5,1.652,1.745,1.915,2.067,2.237,2.33,2.5,2.652,2.745
389,389,0.067,0.237,0.33,0.5,0.652,0.745,0.915,1.067,1.237,1.33,1.5,1.652,1.745,1.915,2.067,2.237,2.33,2.5,2.652,2.745
390,390,0.067,0.237,0.33,0.5,0.652,0.822,0.915,1.067,1.237,1.33,1.5,1.652,1.822,1.915,2.067,2.237,2.33,2.5,2.652,2.822
391,391,0.067,0.237,0.33,0.5,0.652,0.822,0.915,1.067,1.237,1.33,1.5,1.652,1.822,1.915,2.067,2.237,2.33,2.5,2.652,2.822
392,392,0.085,0.237,0.33,0.5,0.652,0.822,0.915,1.085,1.237,1.33,1.5,1.652,1.822,1.915,2.085,2.237,2.33,2.5,2.652,2.822
393,393,0.085,0.237,0.33,0.5,0.652,0.822,0.915,1.085,1.237,1.33,1.5,1.652,1.822,1.915,2.085,2.237,2.33,2.5,2.652,2.822
394,394,0.085,0.237,0.407,0.5,0.652,0.822,0.915,1.085,1.237,1.407,1.5,1.652,1.822,1.915,2.085,2.237,2.407,2.5,2.652,2.822
395,395,0.085,0.237,0.407,0.5,0.652,0.822,0.915,1.085,1.237,1.407,1.5,1.652,1.822,1.915,2.085,2.237,2.407,2.5,2.652,2.822
396,396,0.085,0.237,0.407,0.5,0.67,0.822,0.915,1.085,1.237,1.407,1.5,1.67,1.822,1.915,2.085,2.237,2.407,2.5,2.67,2.822
397,397,0.085,0.237,0.407,0.5,0.67,0.822,0.915,1.085,1.237,1.407,1.5,1.67,1.822,1.915,2.085,2.237,2.407,2.5,2.67,2.822
398,398,0.085,0.237,0.407,0.5,0.67,0.822,0.992,1.085,1.237,1.407,1.5,1.67,1.822,1.992,2.085,2.237,2.407,2.5,2.67,2.822
399,399,0.085,0.237,0.407,0.5,0.67,0.822,0.992,1.085,1.237,1.407,1.5,1.67,1.822,1.992,2.085,2.237,2.407,2.5,2.67,2.822
400,400,0.085,0.255,0.407,0.5,0.67,0.822,0.992,1.085,1.255,1.407,1.5,1.67,1.822,1.992,2.085,2.255,2.407,2.5,2.67,2.822
401,401,0.085,0.255,0.407,0.5,0.67,0.822,0.992,1.085,1.255,1.407,1.5,1.67,1.822,1.992,2.085,2.255,2.407,2.5,2.67,2.822
402,402,0.085,0.255,0.407,0.577,0.67,0.822,0.992,1.085,1.255,1.407,1.577,1.67,1.822,1.992,2.085,2.255,2.407,2.577,2.67,2.822
403,403,0.085,0.255,0.407,0.577,0.67,0.822,0.992,1.085,1.255,1.407,1.577,1.67,1.822,1.992,2.085,2.255,2.407,2.577,2.67,2.822
404,404,0.085,0.255,0.407,0.577,0.67,0.84,0.992,1.085,1.255,1.407,1.577,1.67,1.84,1.992,2.085,2.255,2.407,2.577,2.67,2.84
405,405,0.085,0.255,0.407,0.577,0.67,0.84,0.992,1.085,1.255,1.407,1.577,1.67,1.84,1.992,2.085,2.255,2.407,2.577,2.67,2.84
406,406,0.162,0.255,0.407,0.577,0.67,0.84,0.992,1.162,1.255,1.407,1.577,1.67,1.84,1.992,2.162,2.255,2.407,2.577,2.67,2.84
407,407,0.162,0.255,0.407,0.577,0.67,0.84,0.992,1.162,1.255,1.407,1.577,1.67,1.84,1.992,2.162,2.255,2.407,2.577,2.67,2.84
408,408,0.162,0.255,0.425,0.577,0.67,0.84,0.992,1.162,1.255,1.425,1.577,1.67,1.84,1.992,2.162,2.255,2.425,2.577,2.67,2.84
409,409,0.162,0.255,0.425,0.577,0.67,0.84,0.992,1.162,1.255,1.425,1.577,1.67,1.84,1.992,2.162,2.255,2.425,2.577,2.67,2.84
410,410,0.162,0.255,0.425,0.577,0.747,0.84,0.992,1.162,1.255,1.425,1.577,1.747,1.84,1.992,2.162,2.255,2.425,2.577,2.747,2.84
411,411,0.162,0.255,0.425,0.577,0.747,0.84,0.992,1.162,1.255,1.425,1.577,1.747,1.84,1.992,2.162,2.255,2.425,2.577,2.747,2.84
412,412,0.01,0.162,0.255,0.425,0.577,0.747,0.84,1.01,1.162,1.255,1.425,1.577,1.747,1.84,2.01,2.162,2.255,2.425,2.577,2.747
413,413,0.01,0.162,0.255,0.425,0.577,0.747,0.84,1.01,1.162,1.255,1.425,1.577,1.747,1.84,2.01,2.162,2.255,2.425,2.577,2.747
414,414,0.01,0.162,0.332,0.425,0.577,0.747,0.84,1.01,1.162,1.332,1.425,1.577,1.747,1.84,2.01,2.162,2.332,2.425,2.577,2.747
415,415,0.01,0.162,0.332,0.425,0.577,0.747,0.84,1.01,1.162,1.332,1.425,1.577,1.747,1.84,2.01,2.162,2.332,2.425,2.577,2.747
416,416,0.01,0.162,0.332,0.425,0.595,0.747,0.84,1.01,1.162,1.332,1.425,1.595,1.747,1.84,2.01,2.162,2.332,2.425,2.595,2.747
417,417,0.01,0.162,0.332,0.425,0.595,0.747,0.84,1.01,1.162,1.332,1.425,1.595,1.747,1.84,2.01,2.162,2.332,2.425,2.595,2.747
418,418,0.01,0.162,0.332,0.425,0.595,0.747,0.917,1.01,1.162,1.332,1.425,1.595,1.747,1.917,2.01,2.162,2.332,2.425,2.595,2.747
419,419,0.01,0.162,0.332,0.425,0.595,0.747,0.917,1.01,1.162,1.332,1.425,1.595,1.747,1.917,2.01,2.162,2.332,2.425,2.595,2.747
420,420,0.01,0.18,0.332,0.425,0.595,0.747,0.917,1.01,1.18,1.332,1.425,1.595,1.747,1.917,2.01,2.18,2.332,2.425,2.595,2.747
421,421,0.01,0.18,0.332,0.425,0.595,0.747,0.917,1.01,1.18,1.332,1.425,1.595,1.747,1.917,2.01,2.18,2.332,2.425,2.595,2.747
422,422,0.01,0.18,0.332,0.502,0.595,0.747,0.917,1.01,1.18,1.332,1.502,1.595,1.747,1.917,2.01,2.18,2.332,2.502,2.595,2.747
423,423,0.01,0.18,0.332,0.502,0.595,0.747,0.917,1.01,1.18,1.332,1.502,1.595,1.747,1.917,2.01,2.18,2.332,2.502,2.595,2.747
424,424,0.01,0.18,0.332,0.502,0.595,0.765,0.917,1.01,1.18,1.332,1.502,1.595,1.765,1.917,2.01,2.18,2.332,2.502,2.595,2.765
425,425,0.01,0.18,0.332,0.502,0.595,0.765,0.917,1.01,1.18,1.332,1.502,1.595,1.765,1.917,2.01,2.18,2.332,2.502,2.595,2.765
426,426,0.087,0.18,0.332,0.502,0.595,0.765,0.917,1.087,1.18,1.332,1.502,1.595,1.765,1.917,2.087,2.18,2.332,2.502,2.595,2.765
427,427,0.087,0.18,0.332,0.502,0.595,0.765,0.917,1.087,1.18,1.332,1.502,1.595,1.765,1.917,2.087,2.18,2.332,2.502,2.595,2.765
428,428,0.087,0.18,0.35,0.502,0.595,0.765,0.917,1.087,1.18,1.35,1.502,1.595,1.765,1.917,2.087,2.18,2.35,2.502,2.595,2.765
429,429,0.087,0.18,0.35,0.502,0.595,0.765,0.917,1.087,1.18,1.35,1.502,1.595,1.765,1.917,2.087,2.18,2.35,2.502,2.595,2.765
430,430,0.087,0.18,0.35,0.502,0.672,0.765,0.917,1.087,1.18,1.35,1.502,1.672,1.765,1.917,2.087,2.18,2.35,2.502,2.672,2.765
431,431,0.087,0.18,0.35,0.502,0.672,0.765,0.917,1.087,1.18,1.35,1.502,1.672,1.765,1.917,2.087,2.18,2.35,2.502,2.672,2.765
432,432,0.087,0.18,0.35,0.502,0.672,0.765,0.935,1.087,1.18,1.35,1.502,1.672,1.765,1.935,2.087,2.18,2.35,2.502,2.672,2.765
433,433,0.087,0.18,0.35,0.502,0.672,0.765,0.935,1.087,1.18,1.35,1.502,1.672,1.765,1.935,2.087,2.18,2.35,2.502,2.672,2.765
434,434,0.087,0.257,0.35,0.502,0.672,0.765,0.935,1.087,1.257,1.35,1.502,1.672,1.765,1.935,2.087,2.257,2.35,2.502,2.672,2.765
435,435,0.087,0.257,0.35,0.502,0.672,0.765,0.935,1.087,1.257,1.35,1.502,1.672,1.765,1.935,2.087,2.257,2.35,2.502,2.672,2.765
436,436,0.087,0.257,0.35,0.52,0.672,0.765,0.935,1.087,1.257,1.35,1.52,1.672,1.765,1.935,2.087,2.257,2.35,2.52,2.672,2.765
437,437,0.087,0.257,0.35,0.52,0.672,0.765,0.935,1.087,1.257,1.35,1.52,1.672,1.765,1.935,2.087,2.257,2.35,2.52,2.672,2.765
438,438,0.087,0.257,0.35,0.52,0.672,0.842,0.935,1.087,1.257,1.35,1.52,1.672,1.842,1.935,2.087,2.257,2.35,2.52,2.672,2.842
439,439,0.087,0.257,0.35,0.52,0.672,0.842,0.935,1.087,1.257,1.35,1.52,1.672,1.842,1.935,2.087,2.257,2.35,2.52,2.672,2.842
440,440,0.105,0.257,0.35,0.52,0.672,0.842,0.935,1.105,1.257,1.35,1.52,1.672,1.842,1.935,2.105,2.257,2.35,2.52,2.672,2.842
441,441,0.105,0.257,0.35,0.52,0.672,0.842,0.935,1.105,1.257,1.35,1.52,1.672,1.842,1.935,2.105,2.257,2.35,2.52,2.672,2.842
442,442,0.105,0.257,0.427,0.52,0.672,0.842,0.935,1.105,1.257,1.427,1.52,1.672,1.842,1.935,2.105,2.257,2.427,2.52,2.672,2.842
443,443,0.105,0.257,0.427,0.52,0.672,0.842,0.935,1.105,1.257,1.427,1.52,1.672,1.842,1.935,2.105,2.257,2.427,2.52,2.672,2.842
444,444,0.105,0.257,0.427,0.52,0.69,0.842,0.935,1.105,1.257,1.427,1.52,1.69,1.842,1.935,2.105,2.257,2.427,2.52,2.69,2.842
445,445,0.105,0.257,0.427,0.52,0.69,0.842,0.935,1.105,1.257,1.427,1.52,1.69,1.842,1.935,2.105,2.257,2.427,2.52,2.69,2.842
446,446,0.012,0.105,0.257,0.427,0.52,0.69,0.842,1.012,1.105,1.257,1.427,1.52,1.69,1.842,2.012,2.105,2.257,2.427,2.52,2.69
447,447,0.012,0.105,0.257,0.427,0.52,0.69,0.842,1.012,1.105,1.257,1.427,1.52,1.69,1.842,2.012,2.105,2.257,2.427,2.52,2.69
448,448,0.012,0.105,0.275,0.427,0.52,0.69,0.842,1.012,1.105,1.275,1.427,1.52,1.69,1.842,2.012,2.105,2.275,2.427,2.52,2.69
449,449,0.012,0.105,0.275,0.427,0.52,0.69,0.842,1.012,1.105,1.275,1.427,1.52,1.69,1.842,2.012,2.105,2.275,2.427,2.52,2.69
450,450,0.012,0.105,0.275,0.427,0.597,0.69,0.842,1.012,1.105,1.275,1.427,1.597,1.69,1.842,2.012,2.105,2.275,2.427,2.597,2.69
451,451,0.012,0.105,0.275,0.427,0.597,0.69,0.842,1.012,1.105,1.275,1.427,1.597,1.69,1.842,2.012,2.105,2.275,2.427,2.597,2.69
452,452,0.012,0.105,0.275,0.427,0.597,0.69,0.86,1.012,1.105,1.275,1.427,1.597,1.69,1.86,2.012,2.105,2.275,2.427,2.597,2.69
453,453,0.012,0.105,0.275,0.427,0.597,0.69,0.86,1.012,1.105,1.275,1.427,1.597,1.69,1.86,2.012,2.105,2.275,2.427,2.597,2.69
454,454,0.012,0.182,0.275,0.427,0.597,0.69,0.86,1.012,1.182,1.275,1.427,1.597,1.69,1.86,2.012,2.182,2.275,2.427,2.597,2.69
455,455,0.012,0.182,0.275,0.427,0.597,0.69,0.86,1.012,1.182,1.275,1.427,1.597,1.69,1.86,2.012,2.182,2.275,2.427,2.597,2.69
456,456,0.012,0.182,0.275,0.445,0.597,0.69,0.86,1.012,1.182,1.275,1.445,1.597,1.69,1.86,2.012,2.182,2.275,2.445,2.597,2.69
457,457,0.012,0.182,0.275,0.445,0.597,0.69,0.86,1.012,1.182,1.275,1.445,1.597,1.69,1.86,2.012,2.182,2.275,2.445,2.597,2.69
458,458,0.012,0.182,0.275,0.445,0.597,0.767,0.86,1.012,1.182,1.275,1.445,1.597,1.767,1.86,2.012,2.182,2.275,2.445,2.597,2.767
459,459,0.012,0.182,0.275,0.445,0.597,0.767,0.86,1.012,1.182,1.275,1.445,1.597,1.767,1.86,2.012,2.182,2.275,2.445,2.597,2.767
460,460,0.03,0.182,0.275,0.445,0.597,0.767,0.86,1.03,1.182,1.275,1.445,1.597,1.767,1.86,2.03,2.182,2.275,2.445,2.597,2.767
461,461,0.03,0.182,0.275,0.445,0.597,0.767,0.86,1.03,1.182,1.275,1.445,1.597,1.767,1.86,2.03,2.182,2.275,2.445,2.597,2.767
462,462,0.03,0.182,0.352,0.445,0.597,0.767,0.86,1.03,1.182,1.352,1.445,1.597,1.767,1.86,2.03,2.182,2.352,2.445,2.597,2.767
463,463,0.03,0.182,0.352,0.445,0.597,0.767,0.86,1.03,1.182,1.352,1.445,1.597,1.767,1.86,2.03,2.182,2.352,2.445,2.597,2.767
464,464,0.03,0.182,0.352,0.445,0.615,0.767,0.86,1.03,1.182,1.352,1.445,1.615,1.767,1.86,2.03,2.182,2.352,2.445,2.615,2.767
465,465,0.03,0.182,0.352,0.445,0.615,0.767,0.86,1.03,1.182,1.352,1.445,1.615,1.767,1.86,2.03,2.182,2.352,2.445,2.615,2.767
466,466,0.03,0.182,0.352,0.445,0.615,0.767,0.937,1.03,1.182,1.352,1.445,1.615,1.767,1.937,2.03,2.182,2.352,2.445,2.615,2.767
467,467,0.03,0.182,0.352,0.445,0.615,0.767,0.937,1.03,1.182,1.352,1.445,1.615,1.767,1.937,2.03,2.182,2.352,2.445,2.615,2.767
468,468,0.03,0.2,0.352,0.445,0.615,0.767,0.937,1.03,1.2,1.352,1.445,1.615,1.767,1.937,2.03,2.2,2.352,2.445,2.615,2.767
469,469,0.03,0.2,0.352,0.445,0.615,0.767,0.937,1.03,1.2,1.352,1.445,1.615,1.767,1.937,2.03,2.2,2.352,2.445,2.615,2.767
470,470,0.03,0.2,0.352,0.522,0.615,0.767,0.937,1.03,1.2,1.352,1.522,1.615,1.767,1.937,2.03,2.2,2.352,2.522,2.615,2.767
471,471,0.03,0.2,0.352,0.522,0.615,0.767,0.937,1.03,1.2,1.352,1.522,1.615,1.767,1.937,2.03,2.2,2.352,2.522,2.615,2.767
472,472,0.03,0.2,0.352,0.522,0.615,0.785,0.937,1.03,1.2,1.352,1.522,1.615,1.785,1.937,2.03,2.2,2.352,2.522,2.615,2.785
473,473,0.03,0.2,0.352,0.522,0.615,0.785,0.937,1.03,1.2,1.352,1.522,1.615,1.785,1.937,2.03,2.2,2.352,2.522,2.615,2.785
474,474,0.107,0.2,0.352,0.522,0.615,0.785,0.937,1.107,1.2,1.352,1.522,1.615,1.785,1.937,2.107,2.2,2.352,2.522,2.615,2.785
475,475,0.107,0.2,0.352,0.522,0.615,0.785,0.937,1.107,1.2,1.352,1.522,1.615,1.785,1.937,2.107,2.2,2.352,2.522,2.615,2.785
476,476,0.107,0.2,0.37,0.522,0.615,0.785,0.937,1.107,1.2,1.37,1.522,1.615,1.785,1.937,2.107,2.2,2.37,2.522,2.615,2.785
477,477,0.107,0.2,0.37,0.522,0.615,0.785,0.937,1.107,1.2,1.37,1.522,1.615,1.785,1.937,2.107,2.2,2.37,2.522,2.615,2.785
478,478,0.107,0.2,0.37,0.522,0.692,0.785,0.937,1.107,1.2,1.37,1.522,1.692,1.785,1.937,2.107,2.2,2.37,2.522,2.692,2.785
479,479,0.107,0.2,0.37,0.522,0.692,0.785,0.937,1.107,1.2,1.37,1.522,1.692,1.785,1.937,2.107,2.2,2.37,2.522,2.692,2.785
480,480,0.107,0.2,0.37,0.522,0.692,0.785,0.955,1.107,1.2,1.37,1.522,1.692,1.785,1.955,2.107,2.2,2.37,2.522,2.692,2.785
481,481,0.107,0.2,0.37,0.522,0.692,0.785,0.955,1.107,1.2,1.37,1.522,1.692,1.785,1.955,2.107,2.2,2.37,2.522,2.692,2.785
482,482,0.107,0.277,0.37,0.522,0.692,0.785,0.955,1.107,1.277,1.37,1.522,1.692,1.785,1.955,2.107,2.277,2.37,2.522,2.692,2.785
483,483,0.107,0.277,0.37,0.522,0.692,0.785,0.955,1.107,1.277,1.37,1.522,1.692,1.785,1.955,2.107,2.277,2.37,2.522,2.692,2.785
484,484,0.107,0.277,0.37,0.54,0.692,0.785,0.955,1.107,1.277,1.37,1.54,1.692,1.785,1.955,2.107,2.277,2.37,2.54,2.692,2.785
485,485,0.107,0.277,0.37,0.54,0.692,0.785,0.955,1.107,1.277,1.37,1.54,1.692,1.785,1.955,2.107,2.277,2.37,2.54,2.692,2.785
486,486,0.107,0.277,0.37,0.54,0.692,0.862,0.955,1.107,1.277,1.37,1.54,1.692,1.862,1.955,2.107,2.277,2.37,2.54,2.692,2.862
487,487,0.107,0.277,0.37,0.54,0.692,0.862,0.955,1.107,1.277,1.37,1.54,1.692,1.862,1.955,2.107,2.277,2.37,2.54,2.692,2.862
488,488,0.125,0.277,0.37,0.54,0.692,0.862,0.955,1.125,1.277,1.37,1.54,1.692,1.862,1.955,2.125,2.277,2.37,2.54,2.692,2.862
489,489,0.125,0.277,0.37,0.54,0.692,0.862,0.955,1.125,1.277,1.37,1.54,1.692,1.862,1.955,2.125,2.277,2.37,2.54,2.692,2.862
490,490,0.125,0.277,0.447,0.54,0.692,0.862,0.955,1.125,1.277,1.447,1.54,1.692,1.862,1.955,2.125,2.277,2.447,2.54,2.692,2.862
491,491,0.125,0.277,0.447,0.54,0.692,0.862,0.955,1.125,1.277,1.447,1.54,1.692,1.862,1.955,2.125,2.277,2.447,2.54,2.692,2.862
492,492,0.125,0.277,0.447,0.54,0.71,0.862,0.955,1.125,1.277,1.447,1.54,1.71,1.862,1.955,2.125,2.277,2.447,2.54,2.71,2.862
493,493,0.125,0.277,0.447,0.54,0.71,0.862,0.955,1.125,1.277,1.447,1.54,1.71,1.862,1.955,2.125,2.277,2.447,2.54,2.71,2.862
494,494,0.032,0.125,0.277,0.447,0.54,0.71,0.862,1.032,1.125,1.277,1.447,1.54,1.71,1.862,2.032,2.125,2.277,2.447,2.54,2.71
495,495,0.032,0.125,0.277,0.447,0.54,0.71,0.862,1.032,1.125,1.277,1.447,1.54,1.71,1.862,2.032,2.125,2.277,2.447,2.54,2.71
496,496,0.032,0.125,0.295,0.447,0.54,0.71,0.862,1.032,1.125,1.295,1.447,1.54,1.71,1.862,2.032,2.125,2.295,2.447,2.54,2.71
497,497,0.032,0.125,0.295,0.447,0.54,0.71,0.862,1.032,1.125,1.295,1.447,1.54,1.71,1.862,2.032,2.125,2.295,2.447,2.54,2.71
498,498,0.032,0.125,0.295,0.447,0.617,0.71,0.862,1.032,1.125,1.295,1.447,1.617,1.71,1.862,2.032,2.125,2.295,2.447,2.617,2.71
499,499,0.032,0.125,0.295,0.447,0.617,0.71,0.862,1.032,1.125,1.295,1.447,1.617,1.71,1.862,2.032,2.125,2.295,2.447,2.617,2.71
500,500,0.032,0.125,0.295,0.447,0.617,0.71,0.88,1.032,1.125,1.295,1.447,1.617,1.71,1.88,2.032,2.125,2.295,2.447,2.617,2.71
501,501,0.032,0.125,0.295,0.447,0.617,0.71,0.88,1.032,1.125,1.295,1.447,1.617,1.71,1.88,2.032,2.125,2.295,2.447,2.617,2.71
502,502,0.032,0.202,0.295,0.447,0.617,0.71,0.88,1.032,1.202,1.295,1.447,1.617,1.71,1.88,2.032,2.202,2.295,2.447,2.617,2.71
503,503,0.032,0.202,0.295,0.447,0.617,0.71,0.88,1.032,1.202,1.295,1.447,1.617,1.71,1.88,2.032,2.202,2.295,2.447,2.617,2.71
504,504,0.032,0.202,0.295,0.465,0.617,0.71,0.88,1.032,1.202,1.295,1.465,1.617,1.71,1.88,2.032,2.202,2.295,2.465,2.617,2.71
505,505,0.032,0.202,0.295,0.465,0.617,0.71,0.88,1.032,1.202,1.295,1.465,1.617,1.71,1.88,2.032,2.202,2.295,2.465,2.617,2.71
506,506,0.032,0.202,0.295,0.465,0.617,0.787,0.88,1.032,1.202,1.295,1.465,1.617,1.787,1.88,2.032,2.202,2.295,2.465,2.617,2.787
507,507,0.032,0.202,0.295,0.465,0.617,0.787,0.88,1.032,1.202,1.295,1.465,1.617,1.787,1.88,2.032,2.202,2.295,2.465,2.617,2.787
508,508,0.05,0.202,0.295,0.465,0.617,0.787,0.88,1.05,1.202,1.295,1.465,1.617,1.787,1.88,2.05,2.202,2.295,2.465,2.617,2.787
509,509,0.05,0.202,0.295,0.465,0.617,0.787,0.88,1.05,1.202,1.295,1.465,1.617,1.787,1.88,2.05,2.202,2.295,2.465,2.617,2.787
510,510,0.05,0.202,0.372,0.465,0.617,0.787,0.88,1.05,1.202,1.372,1.465,1.617,1.787,1.88,2.05,2.202,2.372,2.465,2.617,2.787
511,511,0.05,0.202,0.372,0.465,0.617,0.787,0.88,1.05,1.202,1.372,1.465,1.617,1.787,1.88,2.05,2.202,2.372,2.465,2.617,2.787
512,512,0.05,0.202,0.372,0.465,0.635,0.787,0.88,1.05,1.202,1.372,1.465,1.635,1.787,1.88,2.05,2.202,2.372,2.465,2.635,2.787
513,513,0.05,0.202,0.372,0.465,0.635,0.787,0.88,1.05,1.202,1.372,1.465,1.635,1.787,1.88,2.05,2.202,2.372,2.465,2.635,2.787
514,514,0.05,0.202,0.372,0.465,0.635,0.787,0.957,1.05,1.202,1.372,1.465,1.635,1.787,1.957,2.05,2.202,2.372,2.465,2.635,2.787
515,515,0.05,0.202,0.372,0.465,0.635,0.787,0.957,1.05,1.202,1.372,1.465,1.635,1.787,1.957,2.05,2.202,2.372,2.465,2.635,2.787
516,516,0.05,0.22,0.372,0.465,0.635,0.787,0.957,1.05,1.22,1.372,1.465,1.635,1.787,1.957,2.05,2.22,2.372,2.465,2.635,2.787
517,517,0.05,0.22,0.372,0.465,0.635,0.787,0.957,1.05,1.22,1.372,1.465,1.635,1.787,1.957,2.05,2.22,2.372,2.465,2.635,2.787
518,518,0.05,0.22,0.372,0.542,0.635,0.787,0.957,1.05,1.22,1.372,1.542,1.635,1.787,1.957,2.05,2.22,2.372,2.542,2.635,2.787
519,519,0.05,0.22,0.372,0.542,0.635,0.787,0.957,1.05,1.22,1.372,1.542,1.635,1.787,1.957,2.05,2.22,2.372,2.542,2.635,2.787
520,520,0.05,0.22,0.372,0.542,0.635,0.805,0.957,1.05,1.22,1.372,1.542,1.635,1.805,1.957,2.05,2.22,2.372,2.542,2.635,2.805
521,521,0.05,0.22,0.372,0.542,0.635,0.805,0.957,1.05,1.22,1.372,1.542,1.635,1.805,1.957,2.05,2.22,2.372,2.542,2.635,2.805
522,522,0.127,0.22,0.372,0.542,0.635,0.805,0.957,1.127,1.22,1.372,1.542,1.635,1.805,1.957,2.127,2.22,2.372,2.542,2.635,2.805
523,523,0.127,0.22,0.372,0.542,0.635,0.805,0.957,1.127,1.22,1.372,1.542,1.635,1.805,1.957,2.127,2.22,2.372,2.542,2.635,2.805
524,524,0.127,0.22,0.39,0.542,0.635,0.805,0.957,1.127,1.22,1.39,1.542,1.635,1.805,1.957,2.127,2.22,2.39,2.542,2.635,2.805
525,525,0.127,0.22,0.39,0.542,0.635,0.805,0.957,1.127,1.22,1.39,1.542,1.635,1.805,1.957,2.127,2.22,2.39,2.542,2.635,2.805
526,526,0.127,0.22,0.39,0.542,0.712,0.805,0.957,1.127,1.22,1.39,1.542,1.712,1.805,1.957,2.127,2.22,2.39,2.542,2.712,2.805
527,527,0.127,0.22,0.39,0.542,0.712,0.805,0.957,1.127,1.22,1.39,1.542,1.712,1.805,1.957,2.127,2.22,2.39,2.542,2.712,2.805
528,528,0.127,0.22,0.39,0.542,0.712,0.805,0.975,1.127,1.22,1.39,1.542,1.712,1.805,1.975,2.127,2.22,2.39,2.542,2.712,2.805
529,529,0.127,0.22,0.39,0.542,0.712,0.805,0.975,1.127,1.22,1.39,1.542,1.712,1.805,1.975,2.127,2.22,2.39,2.542,2.712,2.805
530,530,0.127,0.297,0.39,0.542,0.712,0.805,0.975,1.127,1.297,1.39,1.542,1.712,1.805,1.975,2.127,2.297,2.39,2.542,2.712,2.805
531,531,0.127,0.297,0.39,0.542,0.712,0.805,0.975,1.127,1.297,1.39,1.542,1.712,1.805,1.975,2.127,2.297,2.39,2.542,2.712,2.805
532,532,0.127,0.297,0.39,0.56,0.712,0.805,0.975,1.127,1.297,1.39,1.56,1.712,1.805,1.975,2.127,2.297,2.39,2.56,2.712,2.805
533,533,0.127,0.297,0.39,0.56,0.712,0.805,0.975,1.127,1.297,1.39,1.56,1.712,1.805,1.975,2.127,2.297,2.39,2.56,2.712,2.805
534,534,0.127,0.297,0.39,0.56,0.712,0.882,0.975,1.127,1.297,1.39,1.56,1.712,1.882,1.975,2.127,2.297,2.39,2.56,2.712,2.882
535,535,0.127,0.297,0.39,0.56,0.712,0.882,0.975,1.127,1.297,1.39,1.56,1.712,1.882,1.975,2.127,2.297,2.39,2.56,2.712,2.882
536,536,0.145,0.297,0.39,0.56,0.712,0.882,0.975,1.145,1.297,1.39,1.56,1.712,1.882,1.975,2.145,2.297,2.39,2.56,2.712,2.882
537,537,0.145,0.297,0.39,0.56,0.712,0.882,0.975,1.145,1.297,1.39,1.56,1.712,1.882,1.975,2.145,2.297,2.39,2.56,2.712,2.882
538,538,0.145,0.297,0.467,0.56,0.712,0.882,0.975,1.145,1.297,1.467,1.56,1.712,1.882,1.975,2.145,2.297,2.467,2.56,2.712,2.882
539,539,0.145,0.297,0.467,0.56,0.712,0.882,0.975,1.145,1.297,1.467,1.56,1.712,1.882,1.975,2.145,2.297,2.467,2.56,2.712,2.882
540,540,0.145,0.297,0.467,0.56,0.73,0.882,0.975,1.145,1.297,1.467,1.56,1.73,1.882,1.975,2.145,2.297,2.467,2.56,2.73,2.882
541,541,0.145,0.297,0.467,0.56,0.73,0.882,0.975,1.145,1.297,1.467,1.56,1.73,1.882,1.975,2.145,2.297,2.467,2.56,2.73,2.882
542,542,0.052,0.145,0.297,0.467,0.56,0.73,0.882,1.052,1.145,1.297,1.467,1.56,1.73,1.882,2.052,2.145,2.297,2.467,2.56,2.73
543,543,0.052,0.145,0.297,0.467,0.56,0.73,0.882,1.052,1.145,1.297,1.467,1.56,1.73,1.882,2.052,2.145,2.297,2.467,2.56,2.73
544,544,0.052,0.145,0.315,0.467,0.56,0.73,0.882,1.052,1.145,1.315,1.467,1.56,1.73,1.882,2.052,2.145,2.315,2.467,2.56,2.73
545,545,0.052,0.145,0.315,0.467,0.56,0.73,0.882,1.052,1.145,1.315,1.467,1.56,1.73,1.882,2.052,2.145,2.315,2.467,2.56,2.73
546,546,0.052,0.145,0.315,0.467,0.637,0.73,0.882,1.052,1.145,1.315,1.467,1.637,1.73,1.882,2.052,2.145,2.315,2.467,2.637,2.73
547,547,0.052,0.145,0.315,0.467,0.637,0.73,0.882,1.052,1.145,1.315,1.467,1.637,1.73,1.882,2.052,2.145,2.315,2.467,2.637,2.73
548,548,0.052,0.145,0.315,0.467,0.637,0.73,0.9,1.052,1.145,1.315,1.467,1.637,1.73,1.9,2.052,2.145,2.315,2.467,2.637,2.73
549,549,0.052,0.145,0.315,0.467,0.637,0.73,0.9,1.052,1.145,1.315,1.467,1.637,1.73,1.9,2.052,2.145,2.315,2.467,2.637,2.73
550,550,0.052,0.222,0.315,0.467,0.637,0.73,0.9,1.052,1.222,1.315,1.467,1.637,1.73,1.9,2.052,2.222,2.315,2.467,2.637,2.73
551,551,0.052,0.222,0.315,0.467,0.637,0.73,0.9,1.052,1.222,1.315,1.467,1.637,1.73,1.9,2.052,2.222,2.315,2.467,2.637,2.73
552,552,0.052,0.222,0.315,0.485,0.637,0.73,0.9,1.052,1.222,1.315,1.485,1.637,1.73,1.9,2.052,2.222,2.315,2.485,2.637,2.73
553,553,0.052,0.222,0.315,0.485,0.637,0.73,0.9,1.052,1.222,1.315,1.485,1.637,1.73,1.9,2.052,2.222,2.315,2.485,2.637,2.73
554,554,0.052,0.222,0.315,0.485,0.637,0.807,0.9,1.052,1.222,1.315,1.485,1.637,1.807,1.9,2.052,2.222,2.315,2.485,2.637,2.807
555,555,0.052,0.222,0.315,0.485,0.637,0.807,0.9,1.052,1.222,1.315,1.485,1.637,1.807,1.9,2.052,2.222,2.315,2.485,2.637,2.807
556,556,0.07,0.222,0.315,0.485,0.637,0.807,0.9,1.07,1.222,1.315,1.485,1.637,1.807,1.9,2.07,2.222,2.315,2.485,2.637,2.807
557,557,0.07,0.222,0.315,0.485,0.637,0.807,0.9,1.07,1.222,1.315,1.485,1.637,1.807,1.9,2.07,2.222,2.315,2.485,2.637,2.807
558,558,0.07,0.222,0.392,0.485,0.637,0.807,0.9,1.07,1.222,1.392,1.485,1.637,1.807,1.9,2.07,2.222,2.392,2.485,2.637,2.807
559,559,0.07,0.222,0.392,0.485,0.637,0.807,0.9,1.07,1.222,1.392,1.485,1.637,1.807,1.9,2.07,2.222,2.392,2.485,2.637,2.807
560,560,0.07,0.222,0.392,0.485,0.655,0.807,0.9,1.07,1.222,1.392,1.485,1.655,1.807,1.9,2.07,2.222,2.392,2.485,2.655,2.807
561,561,0.07,0.222,0.392,0.485,0.655,0.807,0.9,1.07,1.222,1.392,1.485,1.655,1.807,1.9,2.07,2.222,2.392,2.485,2.655,2.807
562,562,0.07,0.222,0.392,0.485,0.655,0.807,0.977,1.07,1.222,1.392,1.485,1.655,1.807,1.977,2.07,2.222,2.392,2.485,2.655,2.807
563,563,0.07,0.222,0.392,0.485,0.655,0.807,0.977,1.07,1.222,1.392,1.485,1.655,1.807,1.977,2.07,2.222,2.392,2.485,2.655,2.807
564,564,0.07,0.24,0.392,0.485,0.655,0.807,0.977,1.07,1.24,1.392,1.485,1.655,1.807,1.977,2.07,2.24,2.392,2.485,2.655,2.807
565,565,0.07,0.24,0.392,0.485,0.655,0.807,0.977,1.07,1.24,1.392,1.485,1.655,1.807,1.977,2.07,2.24,2.392,2.485,2.655,2.807
566,566,0.07,0.24,0.392,0.562,0.655,0.807,0.977,1.07,1.24,1.392,1.562,1.655,1.807,1.977,2.07,2.24,2.392,2.562,2.655,2.807
567,567,0.07,0.24,0.392,0.562,0.655,0.807,0.977,1.07,1.24,1.392,1.562,1.655,1.807,1.977,2.07,2.24,2.392,2.562,2.655,2.807
568,568,0.07,0.24,0.392,0.562,0.655,0.825,0.977,1.07,1.24,1.392,1.562,1.655,1.825,1.977,2.07,2.24,2.392,2.562,2.655,2.825
569,569,0.07,0.24,0.392,0.562,0.655,0.825,0.977,1.07,1.24,1.392,1.562,1.655,1.825,1.977,2.07,2.24,2.392,2.562,2.655,2.825
570,570,0.147,0.24,0.392,0.562,0.655,0.825,0.977,1.147,1.24,1.392,1.562,1.655,1.825,1.977,2.147,2.24,2.392,2.562,2.655,2.825
571,571,0.147,0.24,0.392,0.562,0.655,0.825,0.977,1.147,1.24,1.392,1.562,1.655,1.825,1.977,2.147,2.24,2.392,2.562,2.655,2.825
572,572,0.147,0.24,0.41,0.562,0.655,0.825,0.977,1.147,1.24,1.41,1.562,1.655,1.825,1.977,2.147,2.24,2.41,2.562,2.655,2.825
573,573,0.147,0.24,0.41,0.562,0.655,0.825,0.977,1.147,1.24,1.41,1.562,1.655,1.825,1.977,2.147,2.24,2.41,2.562,2.655,2.825
574,574,0.147,0.24,0.41,0.562,0.732,0.825,0.977,1.147,1.24,1.41,1.562,1.732,1.825,1.977,2.147,2.24,2.41,2.562,2.732,2.825
575,575,0.147,0.24,0.41,0.562,0.732,0.825,0.977,1.147,1.24,1.41,1.562,1.732,1.825,1.977,2.147,2.24,2.41,2.562,2.732,2.825
576,576,0.147,0.24,0.41,0.562,0.732,0.825,0.995,1.147,1.24,1.41,1.562,1.732,1.825,1.995,2.147,2.24,2.41,2.562,2.732,2.825
577,577,0.147,0.24,0.41,0.562,0.732,0.825,0.995,1.147,1.24,1.41,1.562,1.732,1.825,1.995,2.147,2.24,2.41,2.562,2.732,2.825
578,578,0.147,0.317,0.41,0.562,0.732,0.825,0.995,1.147,1.317,1.41,1.562,1.732,1.825,1.995,2.147,2.317,2.41,2.562,2.732,2.825
579,579,0.147,0.317,0.41,0.562,0.732,0.825,0.995,1.147,1.317,1.41,1.562,1.732,1.825,1.995,2.147,2.317,2.41,2.562,2.732,2.825
580,580,0.147,0.317,0.41,0.58,0.732,0.825,0.995,1.147,1.317,1.41,1.58,1.732,1.825,1.995,2.147,2.317,2.41,2.58,2.732,2.825
581,581,0.147,0.317,0.41,0.58,0.732,0.825,0.995,1.147,1.317,1.41,1.58,1.732,1.825,1.995,2.147,2.317,2.41,2.58,2.732,2.825
582,582,0.147,0.317,0.41,0.58,0.732,0.902,0.995,1.147,1.317,1.41,1.58,1.732,1.902,1.995,2.147,2.317,2.41,2.58,2.732,2.902
583,583,0.147,0.317,0.41,0.58,0.732,0.902,0.995,1.147,1.317,1.41,1.58,1.732,1.902,1.995,2.147,2.317,2.41,2.58,2.732,2.902
584,584,0.165,0.317,0.41,0.58,0.732,0.902,0.995,1.165,1.317,1.41,1.58,1.732,1.902,1.995,2.165,2.317,2.41,2.58,2.732,2.902
585,585,0.165,0.317,0.41,0.58,0.732,0.902,0.995,1.165,1.317,1.41,1.58,1.732,1.902,1.995,2.165,2.317,2.41,2.58,2.732,2.902
586,586,0.165,0.317,0.487,0.58,0.732,0.902,0.995,1.165,1.317,1.487,1.58,1.732,1.902,1.995,2.165,2.317,2.487,2.58,2.732,2.902
587,587,0.165,0.317,0.487,0.58,0.732,0.902,0.995,1.165,1.317,1.487,1.58,1.732,1.902,1.995,2.165,2.317,2.487,2.58,2.732,2.902
588,588,0.165,0.317,0.487,0.58,0.75,0.902,0.995,1.165,1.317,1.487,1.58,1.75,1.902,1.995,2.165,2.317,2.487,2.58,2.75,2.902
589,589,0.165,0.317,0.487,0.58,0.75,0.902,0.995,1.165,1.317,1.487,1.58,1.75,1.902,1.995,2.165,2.317,2.487,2.58,2.75,2.902
590,590,0.072,0.165,0.317,0.487,0.58,0.75,0.902,1.072,1.165,1.317,1.487,1.58,1.75,1.902,2.072,2.165,2.317,2.487,2.58,2.75
591,591,0.072,0.165,0.317,0.487,0.58,0.75,0.902,1.072,1.165,1.317,1.487,1.58,1.75,1.902,2.072,2.165,2.317,2.487,2.58,2.75
592,592,0.072,0.165,0.335,0.487,0.58,0.75,0.902,1.072,1.165,1.335,1.487,1.58,1.75,1.902,2.072,2.165,2.335,2.487,2.58,2.75
593,593,0.072,0.165,0.335,0.487,0.58,0.75,0.902,1.072,1.165,1.335,1.487,1.58,1.75,1.902,2.072,2.165,2.335,2.487,2.58,2.75
594,594,0.072,0.165,0.335,0.487,0.657,0.75,0.902,1.072,1.165,1.335,1.487,1.657,1.75,1.902,2.072,2.165,2.335,2.487,2.657,2.75
595,595,0.072,0.165,0.335,0.487,0.657,0.75,0.902,1.072,1.165,1.335,1.487,1.657,1.75,1.902,2.072,2.165,2.335,2.487,2.657,2.75
596,596,0.072,0.165,0.335,0.487,0.657,0.75,0.92,1.072,1.165,1.335,1.487,1.657,1.75,1.92,2.072,2.165,2.335,2.487,2.657,2.75
597,597,0.072,0.165,0.335,0.487,0.657,0.75,0.92,1.072,1.165,1.335,1.487,1.657,1.75,1.92,2.072,2.165,2.335,2.487,2.657,2.75
598,598,0.072,0.242,0.335,0.487,0.657,0.75,0.92,1.072,1.242,1.335,1.487,1.657,1.75,1.92,2.072,2.242,2.335,2.487,2.657,2.75
599,599,0.072,0.242,0.335,0.487,0.657,0.75,0.92,1.072,1.242,1.335,1.487,1.657,1.75,1.92,2.072,2.242,2.335,2.487,2.657,2.75
600,600,0.072,0.242,0.335,0.505,0.657,0.75,0.92,1.072,1.242,1.335,1.505,1.657,1.75,1.92,2.072,2.242,2.335,2.505,2.657,2.75
601,601,0.072,0.242,0.335,0.505,0.657,0.75,0.92,1.072,1.242,1.335,1.505,1.657,1.75,1.92,2.072,2.242,2.335,2.505,2.657,2.75
602,602,0.072,0.242,0.335,0.505,0.657,0.827,0.92,1.072,1.242,1.335,1.505,1.657,1.827,1.92,2.072,2.242,2.335,2.505,2.657,2.827
603,603,0.072,0.242,0.335,0.505,0.657,0.827,0.92,1.072,1.242,1.335,1.505,1.657,1.827,1.92,2.072,2.242,2.335,2.505,2.657,2.827
604,604,0.09,0.242,0.335,0.505,0.657,0.827,0.92,1.09,1.242,1.335,1.505,1.657,1.827,1.92,2.09,2.242,2.335,2.505,2.657,2.827
605,605,0.09,0.242,0.335,0.505,0.657,0.827,0.92,1.09,1.242,1.335,1.505,1.657,1.827,1.92,2.09,2.242,2.335,2.505,2.657,2.827
606,606,0.09,0.242,0.412,0.505,0.657,0.827,0.92,1.09,1.242,1.412,1.505,1.657,1.827,1.92,2.09,2.242,2.412,2.505,2.657,2.827
607,607,0.09,0.242,0.412,0.505,0.657,0.827,0.92,1.09,1.242,1.412,1.505,1.657,1.827,1.92,2.09,2.242,2.412,2.505,2.657,2.827
608,608,0.09,0.242,0.412,0.505,0.675,0.827,0.92,1.09,1.242,1.412,1.505,1.675,1.827,1.92,2.09,2.242,2.412,2.505,2.675,2.827
609,609,0.09,0.242,0.412,0.505,0.675,0.827,0.92,1.09,1.242,1.412,1.505,1.675,1.827,1.92,2.09,2.242,2.412,2.505,2.675,2.827
610,610,0.09,0.242,0.412,0.505,0.675,0.827,0.997,1.09,1.242,1.412,1.505,1.675,1.827,1.997,2.09,2.242,2.412,2.505,2.675,2.827
611,611,0.09,0.242,0.412,0.505,0.675,0.827,0.997,1.09,1.242,1.412,1.505,1.675,1.827,1.997,2.09,2.242,2.412,2.505,2.675,2.827
612,612,0.09,0.26,0.412,0.505,0.675,0.827,0.997,1.09,1.26,1.412,1.505,1.675,1.827,1.997,2.09,2.26,2.412,2.505,2.675,2.827
613,613,0.09,0.26,0.412,0.505,0.675,0.827,0.997,1.09,1.26,1.412,1.505,1.675,1.827,1.997,2.09,2.26,2.412,2.505,2.675,2.827
614,614,0.09,0.26,0.412,0.582,0.675,0.827,0.997,1.09,1.26,1.412,1.582,1.675,1.827,1.997,2.09,2.26,2.412,2.582,2.675,2.827
615,615,0.09,0.26,0.412,0.582,0.675,0.827,0.997,1.09,1.26,1.412,1.582,1.675,1.827,1.997,2.09,2.26,2.412,2.582,2.675,2.827
616,616,0.09,0.26,0.412,0.582,0.675,0.845,0.997,1.09,1.26,1.412,1.582,1.675,1.845,1.997,2.09,2.26,2.412,2.582,2.675,2.845
617,617,0.09,0.26,0.412,0.582,0.675,0.845,0.997,1.09,1.26,1.412,1.582,1.675,1.845,1.997,2.09,2.26,2.412,2.582,2.675,2.845
618,618,0.167,0.26,0.412,0.582,0.675,0.845,0.997,1.167,1.26,1.412,1.582,1.675,1.845,1.997,2.167,2.26,2.412,2.582,2.675,2.845
619,619,0.167,0.26,0.412,0.582,0.675,0.845,0.997,1.167,1.26,1.412,1.582,1.675,1.845,1.997,2.167,2.26,2.412,2.582,2.675,2.845
620,620,0.167,0.26,0.43,0.582,0.675,0.845,0.997,1.167,1.26,1.43,1.582,1.675,1.845,1.997,2.167,2.26,2.43,2.582,2.675,2.845
621,621,0.167,0.26,0.43,0.582,0.675,0.845,0.997,1.167,1.26,1.43,1.582,1.675,1.845,1.997,2.167,2.26,2.43,2.582,2.675,2.845
622,622,0.167,0.26,0.43,0.582,0.752,0.845,0.997,1.167,1.26,1.43,1.582,1.752,1.845,1.997,2.167,2.26,2.43,2.582,2.752,2.845
623,623,0.167,0.26,0.43,0.582,0.752,0.845,0.997,1.167,1.26,1.43,1.582,1.752,1.845,1.997,2.167,2.26,2.43,2.582,2.752,2.845
624,624,0.015,0.167,0.26,0.43,0.582,0.752,0.845,1.015,1.167,1.26,1.43,1.582,1.752,1.845,2.015,2.167,2.26,2.43,2.582,2.752
625,625,0.015,0.167,0.26,0.43,0.582,0.752,0.845,1.015,1.167,1.26,1.43,1.582,1.752,1.845,2.015,2.167,2.26,2.43,2.582,2.752
626,626,0.015,0.167,0.337,0.43,0.582,0.752,0.845,1.015,1.167,1.337,1.43,1.582,1.752,1.845,2.015,2.167,2.337,2.43,2.582,2.752
627,627,0.015,0.167,0.337,0.43,0.582,0.752,0.845,1.015,1.167,1.337,1.43,1.582,1.752,1.845,2.015,2.167,2.337,2.43,2.582,2.752
628,628,0.015,0.167,0.337,0.43,0.6,0.752,0.845,1.015,1.167,1.337,1.43,1.6,1.752,1.845,2.015,2.167,2.337,2.43,2.6,2.752
629,629,0.015,0.167,0.337,0.43,0.6,0.752,0.845,1.015,1.167,1.337,1.43,1.6,1.752,1.845,2.015,2.167,2.337,2.43,2.6,2.752
630,630,0.015,0.167,0.337,0.43,0.6,0.752,0.922,1.015,1.167,1.337,1.43,1.6,1.752,1.922,2.015,2.167,2.337,2.43,2.6,2.752
631,631,0.015,0.167,0.337,0.43,0.6,0.752,0.922,1.015,1.167,1.337,1.43,1.6,1.752,1.922,2.015,2.167,2.337,2.43,2.6,2.752
632,632,0.015,0.185,0.337,0.43,0.6,0.752,0.922,1.015,1.185,1.337,1.43,1.6,1.752,1.922,2.015,2.185,2.337,2.43,2.6,2.752
633,633,0.015,0.185,0.337,0.43,0.6,0.752,0.922,1.015,1.185,1.337,1.43,1.6,1.752,1.922,2.015,2.185,2.337,2.43,2.6,2.752
634,634,0.015,0.185,0.337,0.507,0.6,0.752,0.922,1.015,1.185,1.337,1.507,1.6,1.752,1.922,2.015,2.185,2.337,2.507,2.6,2.752
635,635,0.015,0.185,0.337,0.507,0.6,0.752,0.922,1.015,1.185,1.337,1.507,1.6,1.752,1.922,2.015,2.185,2.337,2.507,2.6,2.752
636,636,0.015,0.185,0.337,0.507,0.6,0.77,0.922,1.015,1.185,1.337,1.507,1.6,1.77,1.922,2.015,2.185,2.337,2.507,2.6,2.77
637,637,0.015,0.185,0.337,0.507,0.6,0.77,0.922,1.015,1.185,1.337,1.507,1.6,1.77,1.922,2.015,2.185,2.337,2.507,2.6,2.77
638,638,0.092,0.185,0.337,0.507,0.6,0.77,0.922,1.092,1.185,1.337,1.507,1.6,1.77,1.922,2.092,2.185,2.337,2.507,2.6,2.77
639,639,0.092,0.185,0.337,0.507,0.6,0.77,0.922,1.092,1.185,1.337,1.507,1.6,1.77,1.922,2.092,2.185,2.337,2.507,2.6,2.77
640,640,0.092,0.185,0.355,0.507,0.6,0.77,0.922,1.092,1.185,1.355,1.507,1.6,1.77,1.922,2.092,2.185,2.355,2.507,2.6,2.77
641,641,0.092,0.185,0.355,0.507,0.6,0.77,0.922,1.092,1.185,1.355,1.507,1.6,1.77,1.922,2.092,2.185,2.355,2.507,2.6,2.77
642,642,0.092,0.185,0.355,0.507,0.677,0.77,0.922,1.092,1.185,1.355,1.507,1.677,1.77,1.922,2.092,2.185,2.355,2.507,2.677,2.77
643,643,0.092,0.185,0.355,0.507,0.677,0.77,0.922,1.092,1.185,1.355,1.507,1.677,1.77,1.922,2.092,2.185,2.355,2.507,2.677,2.77
644,644,0.092,0.185,0.355,0.507,0.677,0.77,0.94,1.092,1.185,1.355,1.507,1.677,1.77,1.94,2.092,2.185,2.355,2.507,2.677,2.77
645,645,0.092,0.185,0.355,0.507,0.677,0.77,0.94,1.092,1.185,1.355,1.507,1.677,1.77,1.94,2.092,2.185,2.355,2.507,2.677,2.77
646,646,0.092,0.262,0.355,0.507,0.677,0.77,0.94,1.092,1.262,1.355,1.507,1.677,1.77,1.94,2.092,2.262,2.355,2.507,2.677,2.77
647,647,0.092,0.262,0.355,0.507,0.677,0.77,0.94,1.092,1.262,1.355,1.507,1.677,1.77,1.94,2.092,2.262,2.355,2.507,2.677,2.77
648,648,0.092,0.262,0.355,0.525,0.677,0.77,0.94,1.092,1.262,1.355,1.525,1.677,1.77,1.94,2.092,2.262,2.355,2.525,2.677,2.77
649,649,0.092,0.262,0.355,0.525,0.677,0.77,0.94,1.092,1.262,1.355,1.525,1.677,1.77,1.94,2.092,2.262,2.355,2.525,2.677,2.77
650,650,0.092,0.262,0.355,0.525,0.677,0.847,0.94,1.092,1.262,1.355,1.525,1.677,1.847,1.94,2.092,2.262,2.355,2.525,2.677,2.847
651,651,0.092,0.262,0.355,0.525,0.677,0.847,0.94,1.092,1.262,1.355,1.525,1.677,1.847,1.94,2.092,2.262,2.355,2.525,2.677,2.847
652,652,0.11,0.262,0.355,0.525,0.677,0.847,0.94,1.11,1.262,1.355,1.525,1.677,1.847,1.94,2.11,2.262,2.355,2.525,2.677,2.847
653,653,0.11,0.262,0.355,0.525,0.677,0.847,0.94,1.11,1.262,1.355,1.525,1.677,1.847,1.94,2.11,2.262,2.355,2.525,2.677,2.847
654,654,0.11,0.262,0.432,0.525,0.677,0.847,0.94,1.11,1.262,1.432,1.525,1.677,1.847,1.94,2.11,2.262,2.432,2.525,2.677,2.847
655,655,0.11,0.262,0.432,0.525,0.677,0.847,0.94,1.11,1.262,1.432,1.525,1.677,1.847,1.94,2.11,2.262,2.432,2.525,2.677,2.847
656,656,0.11,0.262,0.432,0.525,0.695,0.847,0.94,1.11,1.262,1.432,1.525,1.695,1.847,1.94,2.11,2.262,2.432,2.525,2.695,2.847
657,657,0.11,0.262,0.432,0.525,0.695,0.847,0.94,1.11,1.262,1.432,1.525,1.695,1.847,1.94,2.11,2.262,2.432,2.525,2.695,2.847
658,658,0.017,0.11,0.262,0.432,0.525,0.695,0.847,1.017,1.11,1.262,1.432,1.525,1.695,1.847,2.017,2.11,2.262,2.432,2.525,2.695
659,659,0.017,0.11,0.262,0.432,0.525,0.695,0.847,1.017,1.11,1.262,1.432,1.525,1.695,1.847,2.017,2.11,2.262,2.432,2.525,2.695
660,660,0.017,0.11,0.28,0.432,0.525,0.695,0.847,1.017,1.11,1.28,1.432,1.525,1.695,1.847,2.017,2.11,2.28,2.432,2.525,2.695
661,661,0.017,0.11,0.28,0.432,0.525,0.695,0.847,1.017,1.11,1.28,1.432,1.525,1.695,1.847,2.017,2.11,2.28,2.432,2.525,2.695
662,662,0.017,0.11,0.28,0.432,0.602,0.695,0.847,1.017,1.11,1.28,1.432,1.602,1.695,1.847,2.017,2.11,2.28,2.432,2.602,2.695
663,663,0.017,0.11,0.28,0.432,0.602,0.695,0.847,1.017,1.11,1.28,1.432,1.602,1.695,1.847,2.017,2.11,2.28,2.432,2.602,2.695
664,664,0.017,0.11,0.28,0.432,0.602,0.695,0.865,1.017,1.11,1.28,1.432,1.602,1.695,1.865,2.017,2.11,2.28,2.432,2.602,2.695
665,665,0.017,0.11,0.28,0.432,0.602,0.695,0.865,1.017,1.11,1.28,1.432,1.602,1.695,1.865,2.017,2.11,2.28,2.432,2.602,2.695
666,666,0.017,0.187,0.28,0.432,0.602,0.695,0.865,1.017,1.187,1.28,1.432,1.602,1.695,1.865,2.017,2.187,2.28,2.432,2.602,2.695
667,667,0.017,0.187,0.28,0.432,0.602,0.695,0.865,1.017,1.187,1.28,1.432,1.602,1.695,1.865,2.017,2.187,2.28,2.432,2.602,2.695
668,668,0.017,0.187,0.28,0.45,0.602,0.695,0.865,1.017,1.187,1.28,1.45,1.602,1.695,1.865,2.017,2.187,2.28,2.45,2.602,2.695
669,669,0.017,0.187,0.28,0.45,0.602,0.695,0.865,1.017,1.187,1.28,1.45,1.602,1.695,1.865,2.017,2.187,2.28,2.45,2.602,2.695
670,670,0.017,0.187,0.28,0.45,0.602,0.772,0.865,1.017,1.187,1.28,1.45,1.602,1.772,1.865,2.017,2.187,2.28,2.45,2.602,2.772
671,671,0.017,0.187,0.28,0.45,0.602,0.772,0.865,1.017,1.187,1.28,1.45,1.602,1.772,1.865,2.017,2.187,2.28,2.45,2.602,2.772
672,672,0.035,0.187,0.28,0.45,0.602,0.772,0.865,1.035,1.187,1.28,1.45,1.602,1.772,1.865,2.035,2.187,2.28,2.45,2.602,2.772
673,673,0.035,0.187,0.28,0.45,0.602,0.772,0.865,1.035,1.187,1.28,1.45,1.602,1.772,1.865,2.035,2.187,2.28,2.45,2.602,2.772
674,674,0.035,0.187,0.357,0.45,0.602,0.772,0.865,1.035,1.187,1.357,1.45,1.602,1.772,1.865,2.035,2.187,2.357,2.45,2.602,2.772
675,675,0.035,0.187,0.357,0.45,0.602,0.772,0.865,1.035,1.187,1.357,1.45,1.602,1.772,1.865,2.035,2.187,2.357,2.45,2.602,2.772
676,676,0.035,0.187,0.357,0.45,0.62,0.772,0.865,1.035,1.187,1.357,1.45,1.62,1.772,1.865,2.035,2.187,2.357,2.45,2.62,2.772
677,677,0.035,0.187,0.357,0.45,0.62,0.772,0.865,1.035,1.187,1.357,1.45,1.62,1.772,1.865,2.035,2.187,2.357,2.45,2.62,2.772
678,678,0.035,0.187,0.357,0.45,0.62,0.772,0.942,1.035,1.187,1.357,1.45,1.62,1.772,1.942,2.035,2.187,2.357,2.45,2.62,2.772
679,679,0.035,0.187,0.357,0.45,0.62,0.772,0.942,1.035,1.187,1.357,1.45,1.62,1.772,1.942,2.035,2.187,2.357,2.45,2.62,2.772
680,680,0.035,0.205,0.357,0.45,0.62,0.772,0.942,1.035,1.205,1.357,1.45,1.62,1.772,1.942,2.035,2.205,2.357,2.45,2.62,2.772
681,681,0.035,0.205,0.357,0.45,0.62,0.772,0.942,1.035,1.205,1.357,1.45,1.62,1.772,1.942,2.035,2.205,2.357,2.45,2.62,2.772
682,682,0.035,0.205,0.357,0.527,0.62,0.772,0.942,1.035,1.205,1.357,1.527,1.62,1.772,1.942,2.035,2.205,2.357,2.527,2.62,2.772
683,683,0.035,0.205,0.357,0.527,0.62,0.772,0.942,1.035,1.205,1.357,1.527,1.62,1.772,1.942,2.035,2.205,2.357,2.527,2.62,2.772
684,684,0.035,0.205,0.357,0.527,0.62,0.79,0.942,1.035,1.205,1.357,1.527,1.62,1.79,1.942,2.035,2.205,2.357,2.527,2.62,2.79
685,685,0.035,0.205,0.357,0.527,0.62,0.79,0.942,1.035,1.205,1.357,1.527,1.62,1.79,1.942,2.035,2.205,2.357,2.527,2.62,2.79
686,686,0.112,0.205,0.357,0.527,0.62,0.79,0.942,1.112,1.205,1.357,1.527,1.62,1.79,1.942,2.112,2.205,2.357,2.527,2.62,2.79
687,687,0.112,0.205,0.357,0.527,0.62,0.79,0.942,1.112,1.205,1.357,1.527,1.62,1.79,1.942,2.112,2.205,2.357,2.527,2.62,2.79
688,688,0.112,0.205,0.375,0.527,0.62,0.79,0.942,1.112,1.205,1.375,1.527,1.62,1.79,1.942,2.112,2.205,2.375,2.527,2.62,2.79
689,689,0.112,0.205,0.375,0.527,0.62,0.79,0.942,1.112,1.205,1.375,1.527,1.62,1.79,1.942,2.112,2.205,2.375,2.527,2.62,2.79
690,690,0.112,0.205,0.375,0.527,0.697,0.79,0.942,1.112,1.205,1.375,1.527,1.697,1.79,1.942,2.112,2.205,2.375,2.527,2.697,2.79
691,691,0.112,0.205,0.375,0.527,0.697,0.79,0.942,1.112,1.205,1.375,1.527,1.697,1.79,1.942,2.112,2.205,2.375,2.527,2.697,2.79
692,692,0.112,0.205,0.375,0.527,0.697,0.79,0.96,1.112,1.205,1.375,1.527,1.697,1.79,1.96,2.112,2.205,2.375,2.527,2.697,2.79
693,693,0.112,0.205,0.375,0.527,0.697,0.79,0.96,1.112,1.205,1.375,1.527,1.697,1.79,1.96,2.112,2.205,2.375,2.527,2.697,2.79
694,694,0.112,0.282,0.375,0.527,0.697,0.79,0.96,1.112,1.282,1.375,1.527,1.697,1.79,1.96,2.112,2.282,2.375,2.527,2.697,2.79
695,695,0.112,0.282,0.375,0.527,0.697,0.79,0.96,1.112,1.282,1.375,1.527,1.697,1.79,1.96,2.112,2.282,2.375,2.527,2.697,2.79
696,696,0.112,0.282,0.375,0.545,0.697,0.79,0.96,1.112,1.282,1.375,1.545,1.697,1.79,1.96,2.112,2.282,2.375,2.545,2.697,2.79
697,697,0.112,0.282,0.375,0.545,0.697,0.79,0.96,1.112,1.282,1.375,1.545,1.697,1.79,1.96,2.112,2.282,2.375,2.545,2.697,2.79
698,698,0.112,0.282,0.375,0.545,0.697,0.867,0.96,1.112,1.282,1.375,1.545,1.697,1.867,1.96,2.112,2.282,2.375,2.545,2.697,2.867
699,699,0.112,0.282,0.375,0.545,0.697,0.867,0.96,1.112,1.282,1.375,1.545,1.697,1.867,1.96,2.112,2.282,2.375,2.545,2.697,2.867
700,700,0.13,0.282,0.375,0.545,0.697,0.867,0.96,1.13,1.282,1.375,1.545,1.697,1.867,1.96,2.13,2.282,2.375,2.545,2.697,2.867
701,701,0.13,0.282,0.375,0.545,0.697,0.867,0.96,1.13,1.282,1.375,1.545,1.697,1.867,1.96,2.13,2.282,2.375,2.545,2.697,2.867
702,702,0.13,0.282,0.452,0.545,0.697,0.867,0.96,1.13,1.282,1.452,1.545,1.697,1.867,1.96,2.13,2.282,2.452,2.545,2.697,2.867
703,703,0.13,0.282,0.452,0.545,0.697,0.867,0.96,1.13,1.282,1.452,1.545,1.697,1.867,1.96,2.13,2.282,2.452,2.545,2.697,2.867
704,704,0.13,0.282,0.452,0.545,0.715,0.867,0.96,1.13,1.282,1.452,1.545,1.715,1.867,1.96,2.13,2.282,2.452,2.545,2.715,2.867
705,705,0.13,0.282,0.452,0.545,0.715,0.867,0.96,1.13,1.282,1.452,1.545,1.715,1.867,1.96,2.13,2.282,2.452,2.545,2.715,2.867
706,706,0.037,0.13,0.282,0.452,0.545,0.715,0.867,1.037,1.13,1.282,1.452,1.545,1.715,1.867,2.037,2.13,2.282,2.452,2.545,2.715
707,707,0.037,0.13,0.282,0.452,0.545,0.715,0.867,1.037,1.13,1.282,1.452,1.545,1.715,1.867,2.037,2.13,2.282,2.452,2.545,2.715
708,708,0.037,0.13,0.3,0.452,0.545,0.715,0.867,1.037,1.13,1.3,1.452,1.545,1.715,1.867,2.037,2.13,2.3,2.452,2.545,2.715
709,709,0.037,0.13,0.3,0.452,0.545,0.715,0.867,1.037,1.13,1.3,1.452,1.545,1.715,1.867,2.037,2.13,2.3,2.452,2.545,2.715
710,710,0.037,0.13,0.3,0.452,0.622,0.715,0.867,1.037,1.13,1.3,1.452,1.622,1.715,1.867,2.037,2.13,2.3,2.452,2.622,2.715
711,711,0.037,0.13,0.3,0.452,0.622,0.715,0.867,1.037,1.13,1.3,1.452,1.622,1.715,1.867,2.037,2.13,2.3,2.452,2.622,2.715
712,712,0.037,0.13,0.3,0.452,0.622,0.715,0.885,1.037,1.13,1.3,1.452,1.622,1.715,1.885,2.037,2.13,2.3,2.452,2.622,2.715
713,713,0.037,0.13,0.3,0.452,0.622,0.715,0.885,1.037,1.13,1.3,1.452,1.622,1.715,1.885,2.037,2.13,2.3,2.452,2.622,2.715
714,714,0.037,0.207,0.3,0.452,0.622,0.715,0.885,1.037,1.207,1.3,1.452,1.622,1.715,1.885,2.037,2.207,2.3,2.452,2.622,2.715
715,715,0.037,0.207,0.3,0.452,0.622,0.715,0.885,1.037,1.207,1.3,1.452,1.622,1.715,1.885,2.037,2.207,2.3,2.452,2.622,2.715
716,716,0.037,0.207,0.3,0.47,0.622,0.715,0.885,1.037,1.207,1.3,1.47,1.622,1.715,1.885,2.037,2.207,2.3,2.47,2.622,2.715
717,717,0.037,0.207,0.3,0.47,0.622,0.715,0.885,1.037,1.207,1.3,1.47,1.622,1.715,1.885,2.037,2.207,2.3,2.47,2.622,2.715
718,718,0.037,0.207,0.3,0.47,0.622,0.792,0.885,1.037,1.207,1.3,1.47,1.622,1.792,1.885,2.037,2.207,2.3,2.47,2.622,2.792
719,719,0.037,0.207,0.3,0.47,0.622,0.792,0.885,1.037,1.207,1.3,1.47,1.622,1.792,1.885,2.037,2.207,2.3,2.47,2.622,2.792
720,720,0.055,0.207,0.3,0.47,0.622,0.792,0.885,1.055,1.207,1.3,1.47,1.622,1.792,1.885,2.055,2.207,2.3,2.47,2.622,2.792
721,721,0.055,0.207,0.3,0.47,0.622,0.792,0.885,1.055,1.207,1.3,1.47,1.622,1.792,1.885,2.055,2.207,2.3,2.47,2.622,2.792
722,722,0.055,0.207,0.377,0.47,0.622,0.792,0.885,1.055,1.207,1.377,1.47,1.622,1.792,1.885,2.055,2.207,2.377,2.47,2.622,2.792
723,723,0.055,0.207,0.377,0.47,0.622,0.792,0.885,1.055,1.207,1.377,1.47,1.622,1.792,1.885,2.055,2.207,2.377,2.47,2.622,2.792
724,724,0.055,0.207,0.377,0.47,0.64,0.792,0.885,1.055,1.207,1.377,1.47,1.64,1.792,1.885,2.055,2.207,2.377,2.47,2.64,2.792
725,725,0.055,0.207,0.377,0.47,0.64,0.792,0.885,1.055,1.207,1.377,1.47,1.64,1.792,1.885,2.055,2.207,2.377,2.47,2.64,2.792
726,726,0.055,0.207,0.377,0.47,0.64,0.792,0.962,1.055,1.207,1.377,1.47,1.64,1.792,1.962,2.055,2.207,2.377,2.47,2.64,2.792
727,727,0.055,0.207,0.377,0.47,0.64,0.792,0.962,1.055,1.207,1.377,1.47,1.64,1.792,1.962,2.055,2.207,2.377,2.47,2.64,2.792
728,728,0.055,0.225,0.377,0.47,0.64,0.792,0.962,1.055,1.225,1.377,1.47,1.64,1.792,1.962,2.055,2.225,2.377,2.47,2.64,2.792
729,729,0.055,0.225,0.377,0.47,0.64,0.792,0.962,1.055,1.225,1.377,1.47,1.64,1.792,1.962,2.055,2.225,2.377,2.47,2.64,2.792
730,730,0.055,0.225,0.377,0.547,0.64,0.792,0.962,1.055,1.225,1.377,1.547,1.64,1.792,1.962,2.055,2.225,2.377,2.547,2.64,2.792
731,731,0.055,0.225,0.377,0.547,0.64,0.792,0.962,1.055,1.225,1.377,1.547,1.64,1.792,1.962,2.055,2.225,2.377,2.547,2.64,2.792
732,732,0.055,0.225,0.377,0.547,0.64,0.81,0.962,1.055,1.225,1.377,1.547,1.64,1.81,1.962,2.055,2.225,2.377,2.547,2.64,2.81
733,733,0.055,0.225,0.377,0.547,0.64,0.81,0.962,1.055,1.225,1.377,1.547,1.64,1.81,1.962,2.055,2.225,2.377,2.547,2.64,2.81
734,734,0.132,0.225,0.377,0.547,0.64,0.81,0.962,1.132,1.225,1.377,1.547,1.64,1.81,1.962,2.132,2.225,2.377,2.547,2.64,2.81
735,735,0.132,0.225,0.377,0.547,0.64,0.81,0.962,1.132,1.225,1.377,1.547,1.64,1.81,1.962,2.132,2.225,2.377,2.547,2.64,2.81
736,736,0.132,0.225,0.395,0.547,0.64,0.81,0.962,1.132,1.225,1.395,1.547,1.64,1.81,1.962,2.132,2.225,2.395,2.547,2.64,2.81
737,737,0.132,0.225,0.395,0.547,0.64,0.81,0.962,1.132,1.225,1.395,1.547,1.64,1.81,1.962,2.132,2.225,2.395,2.547,2.64,2.81
738,738,0.132,0.225,0.395,0.547,0.717,0.81,0.962,1.132,1.225,1.395,1.547,1.717,1.81,1.962,2.132,2.225,2.395,2.547,2.717,2.81
739,739,0.132,0.225,0.395,0.547,0.717,0.81,0.962,1.132,1.225,1.395,1.547,1.717,1.81,1.962,2.132,2.225,2.395,2.547,2.717,2.81
740,740,0.132,0.225,0.395,0.547,0.717,0.81,0.98,1.132,1.225,1.395,1.547,1.717,1.81,1.98,2.132,2.225,2.395,2.547,2.717,2.81
741,741,0.132,0.225,0.395,0.547,0.717,0.81,0.98,1.132,1.225,1.395,1.547,1.717,1.81,1.98,2.132,2.225,2.395,2.547,2.717,2.81
742,742,0.132,0.302,0.395,0.547,0.717,0.81,0.98,1.132,1.302,1.395,1.547,1.717,1.81,1.98,2.132,2.302,2.395,2.547,2.717,2.81
743,743,0.132,0.302,0.395,0.547,0.717,0.81,0.98,1.132,1.302,1.395,1.547,1.717,1.81,1.98,2.132,2.302,2.395,2.547,2.717,2.81
744,744,0.132,0.302,0.395,0.565,0.717,0.81,0.98,1.132,1.302,1.395,1.565,1.717,1.81,1.98,2.132,2.302,2.395,2.565,2.717,2.81
745,745,0.132,0.302,0.395,0.565,0.717,0.81,0.98,1.132,1.302,1.395,1.565,1.717,1.81,1.98,2.132,2.302,2.395,2.565,2.717,2.81
746,746,0.132,0.302,0.395,0.565,0.717,0.887,0.98,1.132,1.302,1.395,1.565,1.717,1.887,1.98,2.132,2.302,2.395,2.565,2.717,2.887
747,747,0.132,0.302,0.395,0.565,0.717,0.887,0.98,1.132,1.302,1.395,1.565,1.717,1.887,1.98,2.132,2.302,2.395,2.565,2.717,2.887
748,748,0.15,0.302,0.395,0.565,0.717,0.887,0.98,1.15,1.302,1.395,1.565,1.717,1.887,1.98,2.15,2.302,2.395,2.565,2.717,2.887
749,749,0.15,0.302,0.395,0.565,0.717,0.887,0.98,1.15,1.302,1.395,1.565,1.717,1.887,1.98,2.15,2.302,2.395,2.565,2.717,2.887
750,750,0.15,0.302,0.472,0.565,0.717,0.887,0.98,1.15,1.302,1.472,1.565,1.717,1.887,1.98,2.15,2.302,2.472,2.565,2.717,2.887
751,751,0.15,0.302,0.472,0.565,0.717,0.887,0.98,1.15,1.302,1.472,1.565,1.717,1.887,1.98,2.15,2.302,2.472,2.565,2.717,2.887
752,752,0.15,0.302,0.472,0.565,0.735,0.887,0.98,1.15,1.302,1.472,1.565,1.735,1.887,1.98,2.15,2.302,2.472,2.565,2.735,2.887
753,753,0.15,0.302,0.472,0.565,0.735,0.887,0.98,1.15,1.302,1.472,1.565,1.735,1.887,1.98,2.15,2.302,2.472,2.565,2.735,2.887
754,754,0.057,0.15,0.302,0.472,0.565,0.735,0.887,1.057,1.15,1.302,1.472,1.565,1.735,1.887,2.057,2.15,2.302,2.472,2.565,2.735
755,755,0.057,0.15,0.302,0.472,0.565,0.735,0.887,1.057,1.15,1.302,1.472,1.565,1.735,1.887,2.057,2.15,2.302,2.472,2.565,2.735
756,756,0.057,0.15,0.32,0.472,0.565,0.735,0.887,1.057,1.15,1.32,1.472,1.565,1.735,1.887,2.057,2.15,2.32,2.472,2.565,2.735
757,757,0.057,0.15,0.32,0.472,0.565,0.735,0.887,1.057,1.15,1.32,1.472,1.565,1.735,1.887,2.057,2.15,2.32,2.472,2.565,2.735
758,758,0.057,0.15,0.32,0.472,0.642,0.735,0.887,1.057,1.15,1.32,1.472,1.642,1.735,1.887,2.057,2.15,2.32,2.472,2.642,2.735
759,759,0.057,0.15,0.32,0.472,0.642,0.735,0.887,1.057,1.15,1.32,1.472,1.642,1.735,1.887,2.057,2.15,2.32,2.472,2.642,2.735
760,760,0.057,0.15,0.32,0.472,0.642,0.735,0.905,1.057,1.15,1.32,1.472,1.642,1.735,1.905,2.057,2.15,2.32,2.472,2.642,2.735
761,761,0.057,0.15,0.32,0.472,0.642,0.735,0.905,1.057,1.15,1.32,1.472,1.642,1.735,1.905,2.057,2.15,2.32,2.472,2.642,2.735
762,762,0.057,0.227,0.32,0.472,0.642,0.735,0.905,1.057,1.227,1.32,1.472,1.642,1.735,1.905,2.057,2.227,2.32,2.472,2.642,2.735
763,763,0.057,0.227,0.32,0.472,0.642,0.735,0.905,1.057,1.227,1.32,1.472,1.642,1.735,1.905,2.057,2.227,2.32,2.472,2.642,2.735
764,764,0.057,0.227,0.32,0.49,0.642,0.735,0.905,1.057,1.227,1.32,1.49,1.642,1.735,1.905,2.057,2.227,2.32,2.49,2.642,2.735
765,765,0.057,0.227,0.32,0.49,0.642,0.735,0.905,1.057,1.227,1.32,1.49,1.642,1.735,1.905,2.057,2.227,2.32,2.49,2.642,2.735
766,766,0.057,0.227,0.32,0.49,0.642,0.812,0.905,1.057,1.227,1.32,1.49,1.642,1.812,1.905,2.057,2.227,2.32,2.49,2.642,2.812
767,767,0.057,0.227,0.32,0.49,0.642,0.812,0.905,1.057,1.227,1.32,1.49,1.642,1.812,1.905,2.057,2.227,2.32,2.49,2.642,2.812
768,768,0.075,0.227,0.32,0.49,0.642,0.812,0.905,1.075,1.227,1.32,1.49,1.642,1.812,1.905,2.075,2.227,2.32,2.49,2.642,2.812
769,769,0.075,0.227,0.32,0.49,0.642,0.812,0.905,1.075,1.227,1.32,1.49,1.642,1.812,1.905,2.075,2.227,2.32,2.49,2.642,2.812
770,770,0.075,0.227,0.397,0.49,0.642,0.812,0.905,1.075,1.227,1.397,1.49,1.642,1.812,1.905,2.075,2.227,2.397,2.49,2.642,2.812
771,771,0.075,0.227,0.397,0.49,0.642,0.812,0.905,1.075,1.227,1.397,1.49,1.642,1.812,1.905,2.075,2.227,2.397,2.49,2.642,2.812
772,772,0.075,0.227,0.397,0.49,0.66,0.812,0.905,1.075,1.227,1.397,1.49,1.66,1.812,1.905,2.075,2.227,2.397,2.49,2.66,2.812
773,773,0.075,0.227,0.397,0.49,0.66,0.812,0.905,1.075,1.227,1.397,1.49,1.66,1.812,1.905,2.075,2.227,2.397,2.49,2.66,2.812
774,774,0.075,0.227,0.397,0.49,0.66,0.812,0.982,1.075,1.227,1.397,1.49,1.66,1.812,1.982,2.075,2.227,2.397,2.49,2.66,2.812
775,775,0.075,0.227,0.397,0.49,0.66,0.812,0.982,1.075,1.227,1.397,1.49,1.66,1.812,1.982,2.075,2.227,2.397,2.49,2.66,2.812
776,776,0.075,0.245,0.397,0.49,0.66,0.812,0.982,1.075,1.245,1.397,1.49,1.66,1.812,1.982,2.075,2.245,2.397,2.49,2.66,2.812
777,777,0.075,0.245,0.397,0.49,0.66,0.812,0.982,1.075,1.245,1.397,1.49,1.66,1.812,1.982,2.075,2.245,2.397,2.49,2.66,2.812
778,778,0.075,0.245,0.397,0.567,0.66,0.812,0.982,1.075,1.245,1.397,1.567,1.66,1.812,1.982,2.075,2.245,2.397,2.567,2.66,2.812
779,779,0.075,0.245,0.397,0.567,0.66,0.812,0.982,1.075,1.245,1.397,1.567,1.66,1.812,1.982,2.075,2.245,2.397,2.567,2.66,2.812
780,780,0.075,0.245,0.397,0.567,0.66,0.83,0.982,1.075,1.245,1.397,1.567,1.66,1.83,1.982,2.075,2.245,2.397,2.567,2.66,2.83
781,781,0.075,0.245,0.397,0.567,0.66,0.83,0.982,1.075,1.245,1.397,1.567,1.66,1.83,1.982,2.075,2.245,2.397,2.567,2.66,2.83
782,782,0.152,0.245,0.397,0.567,0.66,0.83,0.982,1.152,1.245,1.397,1.567,1.66,1.83,1.982,2.152,2.245,2.397,2.567,2.66,2.83
783,783,0.152,0.245,0.397,0.567,0.66,0.83,0.982,1.152,1.245,1.397,1.567,1.66,1.83,1.982,2.152,2.245,2.397,2.567,2.66,2.83
784,784,0.152,0.245,0.415,0.567,0.66,0.83,0.982,1.152,1.245,1.415,1.567,1.66,1.83,1.982,2.152,2.245,2.415,2.567,2.66,2.83
785,785,0.152,0.245,0.415,0.567,0.66,0.83,0.982,1.152,1.245,1.415,1.567,1.66,1.83,1.982,2.152,2.245,2.415,2.567,2.66,2.83
786,786,0.152,0.245,0.415,0.567,0.737,0.83,0.982,1.152,1.245,1.415,1.567,1.737,1.83,1.982,2.152,2.245,2.415,2.567,2.737,2.83
787,787,0.152,0.245,0.415,0.567,0.737,0.83,0.982,1.152,1.245,1.415,1.567,1.737,1.83,1.982,2.152,2.245,2.415,2.567,2.737,2.83
788,788,0,0.152,0.245,0.415,0.567,0.737,0.83,1,1.152,1.245,1.415,1.567,1.737,1.83,2,2.152,2.245,2.415,2.567,2.737
789,789,0,0.152,0.245,0.415,0.567,0.737,0.83,1,1.152,1.245,1.415,1.567,1.737,1.83,2,2.152,2.245,2.415,2.567,2.737
790,790,0,0.152,0.322,0.415,0.567,0.737,0.83,1,1.152,1.322,1.415,1.567,1.737,1.83,2,2.152,2.322,2.415,2.567,2.737
791,791,0,0.152,0.322,0.415,0.567,0.737,0.83,1,1.152,1.322,1.415,1.567,1.737,1.83,2,2.152,2.322,2.415,2.567,2.737
792,792,0,0.152,0.322,0.415,0.585,0.737,0.83,1,1.152,1.322,1.415,1.585,1.737,1.83,2,2.152,2.322,2.415,2.585,2.737
793,793,0,0.152,0.322,0.415,0.585,0.737,0.83,1,1.152,1.322,1.415,1.585,1.737,1.83,2,2.152,2.322,2.415,2.585,2.737
794,794,0,0.152,0.322,0.415,0.585,0.737,0.907,1,1.152,1.322,1.415,1.585,1.737,1.907,2,2.152,2.322,2.415,2.585,2.737
795,795,0,0.152,0.322,0.415,0.585,0.737,0.907,1,1.152,1.322,1.415,1.585,1.737,1.907,2,2.152,2.322,2.415,2.585,2.737
796,796,0,0.17,0.322,0.415,0.585,0.737,0.907,1,1.17,1.322,1.415,1.585,1.737,1.907,2,2.17,2.322,2.415,2.585,2.737
797,797,0,0.17,0.322,0.415,0.585,0.737,0.907,1,1.17,1.322,1.415,1.585,1.737,1.907,2,2.17,2.322,2.415,2.585,2.737
798,798,0,0.17,0.322,0.492,0.585,0.737,0.907,1,1.17,1.322,1.492,1.585,1.737,1.907,2,2.17,2.322,2.492,2.585,2.737
799,799,0,0.17,0.322,0.492,0.585,0.737,0.907,1,1.17,1.322,1.492,1.585,1.737,1.907,2,2.17,2.322,2.492,2.585,2.737
