###,p,4,6,1,3,5,7,2,#4,6,#1,3,#5,b7,b9,11,b13,1,b3,5,b7
0,0,0.415,0.737,0,0.322,0.585,0.907,0.17,0.492,0.755,0.077,0.34,0.662,0.925,0.247,0.51,0.832,0.095,0.417,0.68,0.002
1,1,0.415,0.737,0,0.322,0.585,0.907,0.17,0.492,0.755,0.077,0.34,0.662,0.925,0.247,0.51,0.832,0.095,0.417,0.68,0.002
2,2,0.737,0,0.322,0.585,0.907,0.17,0.492,0.755,0.077,0.34,0.662,0.925,0.247,0.51,0.832,0.095,0.417,0.68,0.002,0.265
3,3,0.737,0,0.322,0.585,0.907,0.17,0.492,0.755,0.077,0.34,0.662,0.925,0.247,0.51,0.832,0.095,0.417,0.68,0.002,0.265
4,4,0,0.322,0.585,0.907,0.17,0.492,0.755,0.077,0.34,0.662,0.925,0.247,0.51,0.832,0.095,0.417,0.68,0.002,0.265,0.587
5,5,0,0.322,0.585,0.907,0.17,0.492,0.755,0.077,0.34,0.662,0.925,0.247,0.51,0.832,0.095,0.417,0.68,0.002,0.265,0.587
6,6,0.322,0.585,0.907,0.17,0.492,0.755,0.077,0.34,0.662,0.925,0.247,0.51,0.832,0.095,0.417,0.68,0.002,0.265,0.587,0.85
7,7,0.322,0.585,0.907,0.17,0.492,0.755,0.077,0.34,0.662,0.925,0.247,0.51,0.832,0.095,0.417,0.68,0.002,0.265,0.587,0.85
8,8,0.585,0.907,0.17,0.492,0.755,0.077,0.34,0.662,0.925,0.247,0.51,0.832,0.095,0.417,0.68,0.002,0.265,0.587,0.85,0.172
9,9,0.585,0.907,0.17,0.492,0.755,0.077,0.34,0.662,0.925,0.247,0.51,0.832,0.095,0.417,0.68,0.002,0.265,0.587,0.85,0.172
10,10,0.907,0.17,0.492,0.755,0.077,0.34,0.662,0.925,0.247,0.51,0.832,0.095,0.417,0.68,0.002,0.265,0.587,0.85,0.172,0.435
11,11,0.907,0.17,0.492,0.755,0.077,0.34,0.662,0.925,0.247,0.51,0.832,0.095,0.417,0.68,0.002,0.265,0.587,0.85,0.172,0.435
12,12,0.17,0.492,0.755,0.077,0.34,0.662,0.925,0.247,0.51,0.832,0.095,0.417,0.68,0.002,0.265,0.587,0.85,0.172,0.435,0.757
13,13,0.17,0.492,0.755,0.077,0.34,0.662,0.925,0.247,0.51,0.832,0.095,0.417,0.68,0.002,0.265,0.587,0.85,0.172,0.435,0.757
14,14,0.492,0.755,0.077,0.34,0.662,0.925,0.247,0.51,0.832,0.095,0.417,0.68,0.002,0.265,0.587,0.85,0.172,0.435,0.757,0.02
15,15,0.492,0.755,0.077,0.34,0.662,0.925,0.247,0.51,0.832,0.095,0.417,0.68,0.002,0.265,0.587,0.85,0.172,0.435,0.757,0.02
16,16,0.755,0.077,0.34,0.662,0.925,0.247,0.51,0.832,0.095,0.417,0.68,0.002,0.265,0.587,0.85,0.172,0.435,0.757,0.02,0.342
17,17,0.755,0.077,0.34,0.662,0.925,0.247,0.51,0.832,0.095,0.417,0.68,0.002,0.265,0.587,0.85,0.172,0.435,0.757,0.02,0.342
18,18,0.077,0.34,0.662,0.925,0.247,0.51,0.832,0.095,0.417,0.68,0.002,0.265,0.587,0.85,0.172,0.435,0.757,0.02,0.342,0.605
19,19,0.077,0.34,0.662,0.925,0.247,0.51,0.832,0.095,0.417,0.68,0.002,0.265,0.587,0.85,0.172,0.435,0.757,0.02,0.342,0.605
20,20,0.34,0.662,0.925,0.247,0.51,0.832,0.095,0.417,0.68,0.002,0.265,0.587,0.85,0.172,0.435,0.757,0.02,0.342,0.605,0.927
21,21,0.34,0.662,0.925,0.247,0.51,0.832,0.095,0.417,0.68,0.002,0.265,0.587,0.85,0.172,0.435,0.757,0.02,0.342,0.605,0.927
22,22,0.662,0.925,0.247,0.51,0.832,0.095,0.417,0.68,0.002,0.265,0.587,0.85,0.172,0.435,0.757,0.02,0.342,0.605,0.927,0.19
23,23,0.662,0.925,0.247,0.51,0.832,0.095,0.417,0.68,0.002,0.265,0.587,0.85,0.172,0.435,0.757,0.02,0.342,0.605,0.927,0.19
24,24,0.925,0.247,0.51,0.832,0.095,0.417,0.68,0.002,0.265,0.587,0.85,0.172,0.435,0.757,0.02,0.342,0.605,0.927,0.19,0.512
25,25,0.925,0.247,0.51,0.832,0.095,0.417,0.68,0.002,0.265,0.587,0.85,0.172,0.435,0.757,0.02,0.342,0.605,0.927,0.19,0.512
26,26,0.247,0.51,0.832,0.095,0.417,0.68,0.002,0.265,0.587,0.85,0.172,0.435,0.757,0.02,0.342,0.605,0.927,0.19,0.512,0.775
27,27,0.247,0.51,0.832,0.095,0.417,0.68,0.002,0.265,0.587,0.85,0.172,0.435,0.757,0.02,0.342,0.605,0.927,0.19,0.512,0.775
28,28,0.51,0.832,0.095,0.417,0.68,0.002,0.265,0.587,0.85,0.172,0.435,0.757,0.02,0.342,0.605,0.927,0.19,0.512,0.775,0.097
29,29,0.51,0.832,0.095,0.417,0.68,0.002,0.265,0.587,0.85,0.172,0.435,0.757,0.02,0.342,0.605,0.927,0.19,0.512,0.775,0.097
30,30,0.832,0.095,0.417,0.68,0.002,0.265,0.587,0.85,0.172,0.435,0.757,0.02,0.342,0.605,0.927,0.19,0.512,0.775,0.097,0.36
31,31,0.832,0.095,0.417,0.68,0.002,0.265,0.587,0.85,0.172,0.435,0.757,0.02,0.342,0.605,0.927,0.19,0.512,0.775,0.097,0.36
32,32,0.095,0.417,0.68,0.002,0.265,0.587,0.85,0.172,0.435,0.757,0.02,0.342,0.605,0.927,0.19,0.512,0.775,0.097,0.36,0.682
33,33,0.095,0.417,0.68,0.002,0.265,0.587,0.85,0.172,0.435,0.757,0.02,0.342,0.605,0.927,0.19,0.512,0.775,0.097,0.36,0.682
34,34,0.417,0.68,0.002,0.265,0.587,0.85,0.172,0.435,0.757,0.02,0.342,0.605,0.927,0.19,0.512,0.775,0.097,0.36,0.682,0.945
35,35,0.417,0.68,0.002,0.265,0.587,0.85,0.172,0.435,0.757,0.02,0.342,0.605,0.927,0.19,0.512,0.775,0.097,0.36,0.682,0.945
36,36,0.68,0.002,0.265,0.587,0.85,0.172,0.435,0.757,0.02,0.342,0.605,0.927,0.19,0.512,0.775,0.097,0.36,0.682,0.945,0.267
37,37,0.68,0.002,0.265,0.587,0.85,0.172,0.435,0.757,0.02,0.342,0.605,0.927,0.19,0.512,0.775,0.097,0.36,0.682,0.945,0.267
38,38,0.002,0.265,0.587,0.85,0.172,0.435,0.757,0.02,0.342,0.605,0.927,0.19,0.512,0.775,0.097,0.36,0.682,0.945,0.267,0.53
39,39,0.002,0.265,0.587,0.85,0.172,0.435,0.757,0.02,0.342,0.605,0.927,0.19,0.512,0.775,0.097,0.36,0.682,0.945,0.267,0.53
40,40,0.265,0.587,0.85,0.172,0.435,0.757,0.02,0.342,0.605,0.927,0.19,0.512,0.775,0.097,0.36,0.682,0.945,0.267,0.53,0.852
41,41,0.265,0.587,0.85,0.172,0.435,0.757,0.02,0.342,0.605,0.927,0.19,0.512,0.775,0.097,0.36,0.682,0.945,0.267,0.53,0.852
42,42,0.587,0.85,0.172,0.435,0.757,0.02,0.342,0.605,0.927,0.19,0.512,0.775,0.097,0.36,0.682,0.945,0.267,0.53,0.852,0.115
43,43,0.587,0.85,0.172,0.435,0.757,0.02,0.342,0.605,0.927,0.19,0.512,0.775,0.097,0.36,0.682,0.945,0.267,0.53,0.852,0.115
44,44,0.85,0.172,0.435,0.757,0.02,0.342,0.605,0.927,0.19,0.512,0.775,0.097,0.36,0.682,0.945,0.267,0.53,0.852,0.115,0.437
45,45,0.85,0.172,0.435,0.757,0.02,0.342,0.605,0.927,0.19,0.512,0.775,0.097,0.36,0.682,0.945,0.267,0.53,0.852,0.115,0.437
46,46,0.172,0.435,0.757,0.02,0.342,0.605,0.927,0.19,0.512,0.775,0.097,0.36,0.682,0.945,0.267,0.53,0.852,0.115,0.437,0.7
47,47,0.172,0.435,0.757,0.02,0.342,0.605,0.927,0.19,0.512,0.775,0.097,0.36,0.682,0.945,0.267,0.53,0.852,0.115,0.437,0.7
48,48,0.435,0.757,0.02,0.342,0.605,0.927,0.19,0.512,0.775,0.097,0.36,0.682,0.945,0.267,0.53,0.852,0.115,0.437,0.7,0.022
49,49,0.435,0.757,0.02,0.342,0.605,0.927,0.19,0.512,0.775,0.097,0.36,0.682,0.945,0.267,0.53,0.852,0.115,0.437,0.7,0.022
50,50,0.757,0.02,0.342,0.605,0.927,0.19,0.512,0.775,0.097,0.36,0.682,0.945,0.267,0.53,0.852,0.115,0.437,0.7,0.022,0.285
51,51,0.757,0.02,0.342,0.605,0.927,0.19,0.512,0.775,0.097,0.36,0.682,0.945,0.267,0.53,0.852,0.115,0.437,0.7,0.022,0.285
52,52,0.02,0.342,0.605,0.927,0.19,0.512,0.775,0.097,0.36,0.682,0.945,0.267,0.53,0.852,0.115,0.437,0.7,0.022,0.285,0.607
53,53,0.02,0.342,0.605,0.927,0.19,0.512,0.775,0.097,0.36,0.682,0.945,0.267,0.53,0.852,0.115,0.437,0.7,0.022,0.285,0.607
54,54,0.342,0.605,0.927,0.19,0.512,0.775,0.097,0.36,0.682,0.945,0.267,0.53,0.852,0.115,0.437,0.7,0.022,0.285,0.607,0.87
55,55,0.342,0.605,0.927,0.19,0.512,0.775,0.097,0.36,0.682,0.945,0.267,0.53,0.852,0.115,0.437,0.7,0.022,0.285,0.607,0.87
56,56,0.605,0.927,0.19,0.512,0.775,0.097,0.36,0.682,0.945,0.267,0.53,0.852,0.115,0.437,0.7,0.022,0.285,0.607,0.87,0.192
57,57,0.605,0.927,0.19,0.512,0.775,0.097,0.36,0.682,0.945,0.267,0.53,0.852,0.115,0.437,0.7,0.022,0.285,0.607,0.87,0.192
58,58,0.927,0.19,0.512,0.775,0.097,0.36,0.682,0.945,0.267,0.53,0.852,0.115,0.437,0.7,0.022,0.285,0.607,0.87,0.192,0.455
59,59,0.927,0.19,0.512,0.775,0.097,0.36,0.682,0.945,0.267,0.53,0.852,0.115,0.437,0.7,0.022,0.285,0.607,0.87,0.192,0.455
60,60,0.19,0.512,0.775,0.097,0.36,0.682,0.945,0.267,0.53,0.852,0.115,0.437,0.7,0.022,0.285,0.607,0.87,0.192,0.455,0.777
61,61,0.19,0.512,0.775,0.097,0.36,0.682,0.945,0.267,0.53,0.852,0.115,0.437,0.7,0.022,0.285,0.607,0.87,0.192,0.455,0.777
62,62,0.512,0.775,0.097,0.36,0.682,0.945,0.267,0.53,0.852,0.115,0.437,0.7,0.022,0.285,0.607,0.87,0.192,0.455,0.777,0.04
63,63,0.512,0.775,0.097,0.36,0.682,0.945,0.267,0.53,0.852,0.115,0.437,0.7,0.022,0.285,0.607,0.87,0.192,0.455,0.777,0.04
64,64,0.775,0.097,0.36,0.682,0.945,0.267,0.53,0.852,0.115,0.437,0.7,0.022,0.285,0.607,0.87,0.192,0.455,0.777,0.04,0.362
65,65,0.775,0.097,0.36,0.682,0.945,0.267,0.53,0.852,0.115,0.437,0.7,0.022,0.285,0.607,0.87,0.192,0.455,0.777,0.04,0.362
66,66,0.097,0.36,0.682,0.945,0.267,0.53,0.852,0.115,0.437,0.7,0.022,0.285,0.607,0.87,0.192,0.455,0.777,0.04,0.362,0.625
67,67,0.097,0.36,0.682,0.945,0.267,0.53,0.852,0.115,0.437,0.7,0.022,0.285,0.607,0.87,0.192,0.455,0.777,0.04,0.362,0.625
68,68,0.36,0.682,0.945,0.267,0.53,0.852,0.115,0.437,0.7,0.022,0.285,0.607,0.87,0.192,0.455,0.777,0.04,0.362,0.625,0.947
69,69,0.36,0.682,0.945,0.267,0.53,0.852,0.115,0.437,0.7,0.022,0.285,0.607,0.87,0.192,0.455,0.777,0.04,0.362,0.625,0.947
70,70,0.682,0.945,0.267,0.53,0.852,0.115,0.437,0.7,0.022,0.285,0.607,0.87,0.192,0.455,0.777,0.04,0.362,0.625,0.947,0.21
71,71,0.682,0.945,0.267,0.53,0.852,0.115,0.437,0.7,0.022,0.285,0.607,0.87,0.192,0.455,0.777,0.04,0.362,0.625,0.947,0.21
72,72,0.945,0.267,0.53,0.852,0.115,0.437,0.7,0.022,0.285,0.607,0.87,0.192,0.455,0.777,0.04,0.362,0.625,0.947,0.21,0.532
73,73,0.945,0.267,0.53,0.852,0.115,0.437,0.7,0.022,0.285,0.607,0.87,0.192,0.455,0.777,0.04,0.362,0.625,0.947,0.21,0.532
74,74,0.267,0.53,0.852,0.115,0.437,0.7,0.022,0.285,0.607,0.87,0.192,0.455,0.777,0.04,0.362,0.625,0.947,0.21,0.532,0.795
75,75,0.267,0.53,0.852,0.115,0.437,0.7,0.022,0.285,0.607,0.87,0.192,0.455,0.777,0.04,0.362,0.625,0.947,0.21,0.532,0.795
76,76,0.53,0.852,0.115,0.437,0.7,0.022,0.285,0.607,0.87,0.192,0.455,0.777,0.04,0.362,0.625,0.947,0.21,0.532,0.795,0.117
77,77,0.53,0.852,0.115,0.437,0.7,0.022,0.285,0.607,0.87,0.192,0.455,0.777,0.04,0.362,0.625,0.947,0.21,0.532,0.795,0.117
78,78,0.852,0.115,0.437,0.7,0.022,0.285,0.607,0.87,0.192,0.455,0.777,0.04,0.362,0.625,0.947,0.21,0.532,0.795,0.117,0.38
79,79,0.852,0.115,0.437,0.7,0.022,0.285,0.607,0.87,0.192,0.455,0.777,0.04,0.362,0.625,0.947,0.21,0.532,0.795,0.117,0.38
80,80,0.115,0.437,0.7,0.022,0.285,0.607,0.87,0.192,0.455,0.777,0.04,0.362,0.625,0.947,0.21,0.532,0.795,0.117,0.38,0.702
81,81,0.115,0.437,0.7,0.022,0.285,0.607,0.87,0.192,0.455,0.777,0.04,0.362,0.625,0.947,0.21,0.532,0.795,0.117,0.38,0.702
82,82,0.437,0.7,0.022,0.285,0.607,0.87,0.192,0.455,0.777,0.04,0.362,0.625,0.947,0.21,0.532,0.795,0.117,0.38,0.702,0.965
83,83,0.437,0.7,0.022,0.285,0.607,0.87,0.192,0.455,0.777,0.04,0.362,0.625,0.947,0.21,0.532,0.795,0.117,0.38,0.702,0.965
84,84,0.7,0.022,0.285,0.607,0.87,0.192,0.455,0.777,0.04,0.362,0.625,0.947,0.21,0.532,0.795,0.117,0.38,0.702,0.965,0.287
85,85,0.7,0.022,0.285,0.607,0.87,0.192,0.455,0.777,0.04,0.362,0.625,0.947,0.21,0.532,0.795,0.117,0.38,0.702,0.965,0.287
86,86,0.022,0.285,0.607,0.87,0.192,0.455,0.777,0.04,0.362,0.625,0.947,0.21,0.532,0.795,0.117,0.38,0.702,0.965,0.287,0.55
87,87,0.022,0.285,0.607,0.87,0.192,0.455,0.777,0.04,0.362,0.625,0.947,0.21,0.532,0.795,0.117,0.38,0.702,0.965,0.287,0.55
88,88,0.285,0.607,0.87,0.192,0.455,0.777,0.04,0.362,0.625,0.947,0.21,0.532,0.795,0.117,0.38,0.702,0.965,0.287,0.55,0.872
89,89,0.285,0.607,0.87,0.192,0.455,0.777,0.04,0.362,0.625,0.947,0.21,0.532,0.795,0.117,0.38,0.702,0.965,0.287,0.55,0.872
90,90,0.607,0.87,0.192,0.455,0.777,0.04,0.362,0.625,0.947,0.21,0.532,0.795,0.117,0.38,0.702,0.965,0.287,0.55,0.872,0.135
91,91,0.607,0.87,0.192,0.455,0.777,0.04,0.362,0.625,0.947,0.21,0.532,0.795,0.117,0.38,0.702,0.965,0.287,0.55,0.872,0.135
92,92,0.87,0.192,0.455,0.777,0.04,0.362,0.625,0.947,0.21,0.532,0.795,0.117,0.38,0.702,0.965,0.287,0.55,0.872,0.135,0.457
93,93,0.87,0.192,0.455,0.777,0.04,0.362,0.625,0.947,0.21,0.532,0.795,0.117,0.38,0.702,0.965,0.287,0.55,0.872,0.135,0.457
94,94,0.192,0.455,0.777,0.04,0.362,0.625,0.947,0.21,0.532,0.795,0.117,0.38,0.702,0.965,0.287,0.55,0.872,0.135,0.457,0.72
95,95,0.192,0.455,0.777,0.04,0.362,0.625,0.947,0.21,0.532,0.795,0.117,0.38,0.702,0.965,0.287,0.55,0.872,0.135,0.457,0.72
96,96,0.455,0.777,0.04,0.362,0.625,0.947,0.21,0.532,0.795,0.117,0.38,0.702,0.965,0.287,0.55,0.872,0.135,0.457,0.72,0.042
97,97,0.455,0.777,0.04,0.362,0.625,0.947,0.21,0.532,0.795,0.117,0.38,0.702,0.965,0.287,0.55,0.872,0.135,0.457,0.72,0.042
98,98,0.777,0.04,0.362,0.625,0.947,0.21,0.532,0.795,0.117,0.38,0.702,0.965,0.287,0.55,0.872,0.135,0.457,0.72,0.042,0.305
99,99,0.777,0.04,0.362,0.625,0.947,0.21,0.532,0.795,0.117,0.38,0.702,0.965,0.287,0.55,0.872,0.135,0.457,0.72,0.042,0.305
100,100,0.04,0.362,0.625,0.947,0.21,0.532,0.795,0.117,0.38,0.702,0.965,0.287,0.55,0.872,0.135,0.457,0.72,0.042,0.305,0.627
101,101,0.04,0.362,0.625,0.947,0.21,0.532,0.795,0.117,0.38,0.702,0.965,0.287,0.55,0.872,0.135,0.457,0.72,0.042,0.305,0.627
102,102,0.362,0.625,0.947,0.21,0.532,0.795,0.117,0.38,0.702,0.965,0.287,0.55,0.872,0.135,0.457,0.72,0.042,0.305,0.627,0.89
103,103,0.362,0.625,0.947,0.21,0.532,0.795,0.117,0.38,0.702,0.965,0.287,0.55,0.872,0.135,0.457,0.72,0.042,0.305,0.627,0.89
104,104,0.625,0.947,0.21,0.532,0.795,0.117,0.38,0.702,0.965,0.287,0.55,0.872,0.135,0.457,0.72,0.042,0.305,0.627,0.89,0.212
105,105,0.625,0.947,0.21,0.532,0.795,0.117,0.38,0.702,0.965,0.287,0.55,0.872,0.135,0.457,0.72,0.042,0.305,0.627,0.89,0.212
106,106,0.947,0.21,0.532,0.795,0.117,0.38,0.702,0.965,0.287,0.55,0.872,0.135,0.457,0.72,0.042,0.305,0.627,0.89,0.212,0.475
107,107,0.947,0.21,0.532,0.795,0.117,0.38,0.702,0.965,0.287,0.55,0.872,0.135,0.457,0.72,0.042,0.305,0.627,0.89,0.212,0.475
108,108,0.21,0.532,0.795,0.117,0.38,0.702,0.965,0.287,0.55,0.872,0.135,0.457,0.72,0.042,0.305,0.627,0.89,0.212,0.475,0.797
109,109,0.21,0.532,0.795,0.117,0.38,0.702,0.965,0.287,0.55,0.872,0.135,0.457,0.72,0.042,0.305,0.627,0.89,0.212,0.475,0.797
110,110,0.532,0.795,0.117,0.38,0.702,0.965,0.287,0.55,0.872,0.135,0.457,0.72,0.042,0.305,0.627,0.89,0.212,0.475,0.797,0.06
111,111,0.532,0.795,0.117,0.38,0.702,0.965,0.287,0.55,0.872,0.135,0.457,0.72,0.042,0.305,0.627,0.89,0.212,0.475,0.797,0.06
112,112,0.795,0.117,0.38,0.702,0.965,0.287,0.55,0.872,0.135,0.457,0.72,0.042,0.305,0.627,0.89,0.212,0.475,0.797,0.06,0.382
113,113,0.795,0.117,0.38,0.702,0.965,0.287,0.55,0.872,0.135,0.457,0.72,0.042,0.305,0.627,0.89,0.212,0.475,0.797,0.06,0.382
114,114,0.117,0.38,0.702,0.965,0.287,0.55,0.872,0.135,0.457,0.72,0.042,0.305,0.627,0.89,0.212,0.475,0.797,0.06,0.382,0.645
115,115,0.117,0.38,0.702,0.965,0.287,0.55,0.872,0.135,0.457,0.72,0.042,0.305,0.627,0.89,0.212,0.475,0.797,0.06,0.382,0.645
116,116,0.38,0.702,0.965,0.287,0.55,0.872,0.135,0.457,0.72,0.042,0.305,0.627,0.89,0.212,0.475,0.797,0.06,0.382,0.645,0.967
117,117,0.38,0.702,0.965,0.287,0.55,0.872,0.135,0.457,0.72,0.042,0.305,0.627,0.89,0.212,0.475,0.797,0.06,0.382,0.645,0.967
118,118,0.702,0.965,0.287,0.55,0.872,0.135,0.457,0.72,0.042,0.305,0.627,0.89,0.212,0.475,0.797,0.06,0.382,0.645,0.967,0.23
119,119,0.702,0.965,0.287,0.55,0.872,0.135,0.457,0.72,0.042,0.305,0.627,0.89,0.212,0.475,0.797,0.06,0.382,0.645,0.967,0.23
120,120,0.965,0.287,0.55,0.872,0.135,0.457,0.72,0.042,0.305,0.627,0.89,0.212,0.475,0.797,0.06,0.382,0.645,0.967,0.23,0.552
121,121,0.965,0.287,0.55,0.872,0.135,0.457,0.72,0.042,0.305,0.627,0.89,0.212,0.475,0.797,0.06,0.382,0.645,0.967,0.23,0.552
122,122,0.287,0.55,0.872,0.135,0.457,0.72,0.042,0.305,0.627,0.89,0.212,0.475,0.797,0.06,0.382,0.645,0.967,0.23,0.552,0.815
123,123,0.287,0.55,0.872,0.135,0.457,0.72,0.042,0.305,0.627,0.89,0.212,0.475,0.797,0.06,0.382,0.645,0.967,0.23,0.552,0.815
124,124,0.55,0.872,0.135,0.457,0.72,0.042,0.305,0.627,0.89,0.212,0.475,0.797,0.06,0.382,0.645,0.967,0.23,0.552,0.815,0.137
125,125,0.55,0.872,0.135,0.457,0.72,0.042,0.305,0.627,0.89,0.212,0.475,0.797,0.06,0.382,0.645,0.967,0.23,0.552,0.815,0.137
126,126,0.872,0.135,0.457,0.72,0.042,0.305,0.627,0.89,0.212,0.475,0.797,0.06,0.382,0.645,0.967,0.23,0.552,0.815,0.137,0.4
127,127,0.872,0.135,0.457,0.72,0.042,0.305,0.627,0.89,0.212,0.475,0.797,0.06,0.382,0.645,0.967,0.23,0.552,0.815,0.137,0.4
128,128,0.135,0.457,0.72,0.042,0.305,0.627,0.89,0.212,0.475,0.797,0.06,0.382,0.645,0.967,0.23,0.552,0.815,0.137,0.4,0.722
129,129,0.135,0.457,0.72,0.042,0.305,0.627,0.89,0.212,0.475,0.797,0.06,0.382,0.645,0.967,0.23,0.552,0.815,0.137,0.4,0.722
130,130,0.457,0.72,0.042,0.305,0.627,0.89,0.212,0.475,0.797,0.06,0.382,0.645,0.967,0.23,0.552,0.815,0.137,0.4,0.722,0.985
131,131,0.457,0.72,0.042,0.305,0.627,0.89,0.212,0.475,0.797,0.06,0.382,0.645,0.967,0.23,0.552,0.815,0.137,0.4,0.722,0.985
132,132,0.72,0.042,0.305,0.627,0.89,0.212,0.475,0.797,0.06,0.382,0.645,0.967,0.23,0.552,0.815,0.137,0.4,0.722,0.985,0.307
133,133,0.72,0.042,0.305,0.627,0.89,0.212,0.475,0.797,0.06,0.382,0.645,0.967,0.23,0.552,0.815,0.137,0.4,0.722,0.985,0.307
134,134,0.042,0.305,0.627,0.89,0.212,0.475,0.797,0.06,0.382,0.645,0.967,0.23,0.552,0.815,0.137,0.4,0.722,0.985,0.307,0.57
135,135,0.042,0.305,0.627,0.89,0.212,0.475,0.797,0.06,0.382,0.645,0.967,0.23,0.552,0.815,0.137,0.4,0.722,0.985,0.307,0.57
136,136,0.305,0.627,0.89,0.212,0.475,0.797,0.06,0.382,0.645,0.967,0.23,0.552,0.815,0.137,0.4,0.722,0.985,0.307,0.57,0.892
137,137,0.305,0.627,0.89,0.212,0.475,0.797,0.06,0.382,0.645,0.967,0.23,0.552,0.815,0.137,0.4,0.722,0.985,0.307,0.57,0.892
138,138,0.627,0.89,0.212,0.475,0.797,0.06,0.382,0.645,0.967,0.23,0.552,0.815,0.137,0.4,0.722,0.985,0.307,0.57,0.892,0.155
139,139,0.627,0.89,0.212,0.475,0.797,0.06,0.382,0.645,0.967,0.23,0.552,0.815,0.137,0.4,0.722,0.985,0.307,0.57,0.892,0.155
140,140,0.89,0.212,0.475,0.797,0.06,0.382,0.645,0.967,0.23,0.552,0.815,0.137,0.4,0.722,0.985,0.307,0.57,0.892,0.155,0.477
141,141,0.89,0.212,0.475,0.797,0.06,0.382,0.645,0.967,0.23,0.552,0.815,0.137,0.4,0.722,0.985,0.307,0.57,0.892,0.155,0.477
142,142,0.212,0.475,0.797,0.06,0.382,0.645,0.967,0.23,0.552,0.815,0.137,0.4,0.722,0.985,0.307,0.57,0.892,0.155,0.477,0.74
143,143,0.212,0.475,0.797,0.06,0.382,0.645,0.967,0.23,0.552,0.815,0.137,0.4,0.722,0.985,0.307,0.57,0.892,0.155,0.477,0.74
144,144,0.475,0.797,0.06,0.382,0.645,0.967,0.23,0.552,0.815,0.137,0.4,0.722,0.985,0.307,0.57,0.892,0.155,0.477,0.74,0.062
145,145,0.475,0.797,0.06,0.382,0.645,0.967,0.23,0.552,0.815,0.137,0.4,0.722,0.985,0.307,0.57,0.892,0.155,0.477,0.74,0.062
146,146,0.797,0.06,0.382,0.645,0.967,0.23,0.552,0.815,0.137,0.4,0.722,0.985,0.307,0.57,0.892,0.155,0.477,0.74,0.062,0.325
147,147,0.797,0.06,0.382,0.645,0.967,0.23,0.552,0.815,0.137,0.4,0.722,0.985,0.307,0.57,0.892,0.155,0.477,0.74,0.062,0.325
148,148,0.06,0.382,0.645,0.967,0.23,0.552,0.815,0.137,0.4,0.722,0.985,0.307,0.57,0.892,0.155,0.477,0.74,0.062,0.325,0.647
149,149,0.06,0.382,0.645,0.967,0.23,0.552,0.815,0.137,0.4,0.722,0.985,0.307,0.57,0.892,0.155,0.477,0.74,0.062,0.325,0.647
150,150,0.382,0.645,0.967,0.23,0.552,0.815,0.137,0.4,0.722,0.985,0.307,0.57,0.892,0.155,0.477,0.74,0.062,0.325,0.647,0.91
151,151,0.382,0.645,0.967,0.23,0.552,0.815,0.137,0.4,0.722,0.985,0.307,0.57,0.892,0.155,0.477,0.74,0.062,0.325,0.647,0.91
152,152,0.645,0.967,0.23,0.552,0.815,0.137,0.4,0.722,0.985,0.307,0.57,0.892,0.155,0.477,0.74,0.062,0.325,0.647,0.91,0.232
153,153,0.645,0.967,0.23,0.552,0.815,0.137,0.4,0.722,0.985,0.307,0.57,0.892,0.155,0.477,0.74,0.062,0.325,0.647,0.91,0.232
154,154,0.967,0.23,0.552,0.815,0.137,0.4,0.722,0.985,0.307,0.57,0.892,0.155,0.477,0.74,0.062,0.325,0.647,0.91,0.232,0.495
155,155,0.967,0.23,0.552,0.815,0.137,0.4,0.722,0.985,0.307,0.57,0.892,0.155,0.477,0.74,0.062,0.325,0.647,0.91,0.232,0.495
156,156,0.23,0.552,0.815,0.137,0.4,0.722,0.985,0.307,0.57,0.892,0.155,0.477,0.74,0.062,0.325,0.647,0.91,0.232,0.495,0.817
157,157,0.23,0.552,0.815,0.137,0.4,0.722,0.985,0.307,0.57,0.892,0.155,0.477,0.74,0.062,0.325,0.647,0.91,0.232,0.495,0.817
158,158,0.552,0.815,0.137,0.4,0.722,0.985,0.307,0.57,0.892,0.155,0.477,0.74,0.062,0.325,0.647,0.91,0.232,0.495,0.817,0.08
159,159,0.552,0.815,0.137,0.4,0.722,0.985,0.307,0.57,0.892,0.155,0.477,0.74,0.062,0.325,0.647,0.91,0.232,0.495,0.817,0.08
160,160,0.815,0.137,0.4,0.722,0.985,0.307,0.57,0.892,0.155,0.477,0.74,0.062,0.325,0.647,0.91,0.232,0.495,0.817,0.08,0.402
161,161,0.815,0.137,0.4,0.722,0.985,0.307,0.57,0.892,0.155,0.477,0.74,0.062,0.325,0.647,0.91,0.232,0.495,0.817,0.08,0.402
162,162,0.137,0.4,0.722,0.985,0.307,0.57,0.892,0.155,0.477,0.74,0.062,0.325,0.647,0.91,0.232,0.495,0.817,0.08,0.402,0.665
163,163,0.137,0.4,0.722,0.985,0.307,0.57,0.892,0.155,0.477,0.74,0.062,0.325,0.647,0.91,0.232,0.495,0.817,0.08,0.402,0.665
164,164,0.4,0.722,0.985,0.307,0.57,0.892,0.155,0.477,0.74,0.062,0.325,0.647,0.91,0.232,0.495,0.817,0.08,0.402,0.665,0.987
165,165,0.4,0.722,0.985,0.307,0.57,0.892,0.155,0.477,0.74,0.062,0.325,0.647,0.91,0.232,0.495,0.817,0.08,0.402,0.665,0.987
166,166,0.722,0.985,0.307,0.57,0.892,0.155,0.477,0.74,0.062,0.325,0.647,0.91,0.232,0.495,0.817,0.08,0.402,0.665,0.987,0.25
167,167,0.722,0.985,0.307,0.57,0.892,0.155,0.477,0.74,0.062,0.325,0.647,0.91,0.232,0.495,0.817,0.08,0.402,0.665,0.987,0.25
168,168,0.985,0.307,0.57,0.892,0.155,0.477,0.74,0.062,0.325,0.647,0.91,0.232,0.495,0.817,0.08,0.402,0.665,0.987,0.25,0.572
169,169,0.985,0.307,0.57,0.892,0.155,0.477,0.74,0.062,0.325,0.647,0.91,0.232,0.495,0.817,0.08,0.402,0.665,0.987,0.25,0.572
170,170,0.307,0.57,0.892,0.155,0.477,0.74,0.062,0.325,0.647,0.91,0.232,0.495,0.817,0.08,0.402,0.665,0.987,0.25,0.572,0.835
171,171,0.307,0.57,0.892,0.155,0.477,0.74,0.062,0.325,0.647,0.91,0.232,0.495,0.817,0.08,0.402,0.665,0.987,0.25,0.572,0.835
172,172,0.57,0.892,0.155,0.477,0.74,0.062,0.325,0.647,0.91,0.232,0.495,0.817,0.08,0.402,0.665,0.987,0.25,0.572,0.835,0.157
173,173,0.57,0.892,0.155,0.477,0.74,0.062,0.325,0.647,0.91,0.232,0.495,0.817,0.08,0.402,0.665,0.987,0.25,0.572,0.835,0.157
174,174,0.892,0.155,0.477,0.74,0.062,0.325,0.647,0.91,0.232,0.495,0.817,0.08,0.402,0.665,0.987,0.25,0.572,0.835,0.157,0.42
175,175,0.892,0.155,0.477,0.74,0.062,0.325,0.647,0.91,0.232,0.495,0.817,0.08,0.402,0.665,0.987,0.25,0.572,0.835,0.157,0.42
176,176,0.155,0.477,0.74,0.062,0.325,0.647,0.91,0.232,0.495,0.817,0.08,0.402,0.665,0.987,0.25,0.572,0.835,0.157,0.42,0.742
177,177,0.155,0.477,0.74,0.062,0.325,0.647,0.91,0.232,0.495,0.817,0.08,0.402,0.665,0.987,0.25,0.572,0.835,0.157,0.42,0.742
178,178,0.477,0.74,0.062,0.325,0.647,0.91,0.232,0.495,0.817,0.08,0.402,0.665,0.987,0.25,0.572,0.835,0.157,0.42,0.742,0.005
179,179,0.477,0.74,0.062,0.325,0.647,0.91,0.232,0.495,0.817,0.08,0.402,0.665,0.987,0.25,0.572,0.835,0.157,0.42,0.742,0.005
180,180,0.74,0.062,0.325,0.647,0.91,0.232,0.495,0.817,0.08,0.402,0.665,0.987,0.25,0.572,0.835,0.157,0.42,0.742,0.005,0.327
181,181,0.74,0.062,0.325,0.647,0.91,0.232,0.495,0.817,0.08,0.402,0.665,0.987,0.25,0.572,0.835,0.157,0.42,0.742,0.005,0.327
182,182,0.062,0.325,0.647,0.91,0.232,0.495,0.817,0.08,0.402,0.665,0.987,0.25,0.572,0.835,0.157,0.42,0.742,0.005,0.327,0.59
183,183,0.062,0.325,0.647,0.91,0.232,0.495,0.817,0.08,0.402,0.665,0.987,0.25,0.572,0.835,0.157,0.42,0.742,0.005,0.327,0.59
184,184,0.325,0.647,0.91,0.232,0.495,0.817,0.08,0.402,0.665,0.987,0.25,0.572,0.835,0.157,0.42,0.742,0.005,0.327,0.59,0.912
185,185,0.325,0.647,0.91,0.232,0.495,0.817,0.08,0.402,0.665,0.987,0.25,0.572,0.835,0.157,0.42,0.742,0.005,0.327,0.59,0.912
186,186,0.647,0.91,0.232,0.495,0.817,0.08,0.402,0.665,0.987,0.25,0.572,0.835,0.157,0.42,0.742,0.005,0.327,0.59,0.912,0.175
187,187,0.647,0.91,0.232,0.495,0.817,0.08,0.402,0.665,0.987,0.25,0.572,0.835,0.157,0.42,0.742,0.005,0.327,0.59,0.912,0.175
188,188,0.91,0.232,0.495,0.817,0.08,0.402,0.665,0.987,0.25,0.572,0.835,0.157,0.42,0.742,0.005,0.327,0.59,0.912,0.175,0.497
189,189,0.91,0.232,0.495,0.817,0.08,0.402,0.665,0.987,0.25,0.572,0.835,0.157,0.42,0.742,0.005,0.327,0.59,0.912,0.175,0.497
190,190,0.232,0.495,0.817,0.08,0.402,0.665,0.987,0.25,0.572,0.835,0.157,0.42,0.742,0.005,0.327,0.59,0.912,0.175,0.497,0.76
191,191,0.232,0.495,0.817,0.08,0.402,0.665,0.987,0.25,0.572,0.835,0.157,0.42,0.742,0.005,0.327,0.59,0.912,0.175,0.497,0.76
192,192,0.495,0.817,0.08,0.402,0.665,0.987,0.25,0.572,0.835,0.157,0.42,0.742,0.005,0.327,0.59,0.912,0.175,0.497,0.76,0.082
193,193,0.495,0.817,0.08,0.402,0.665,0.987,0.25,0.572,0.835,0.157,0.42,0.742,0.005,0.327,0.59,0.912,0.175,0.497,0.76,0.082
194,194,0.817,0.08,0.402,0.665,0.987,0.25,0.572,0.835,0.157,0.42,0.742,0.005,0.327,0.59,0.912,0.175,0.497,0.76,0.082,0.345
195,195,0.817,0.08,0.402,0.665,0.987,0.25,0.572,0.835,0.157,0.42,0.742,0.005,0.327,0.59,0.912,0.175,0.497,0.76,0.082,0.345
196,196,0.08,0.402,0.665,0.987,0.25,0.572,0.835,0.157,0.42,0.742,0.005,0.327,0.59,0.912,0.175,0.497,0.76,0.082,0.345,0.667
197,197,0.08,0.402,0.665,0.987,0.25,0.572,0.835,0.157,0.42,0.742,0.005,0.327,0.59,0.912,0.175,0.497,0.76,0.082,0.345,0.667
198,198,0.402,0.665,0.987,0.25,0.572,0.835,0.157,0.42,0.742,0.005,0.327,0.59,0.912,0.175,0.497,0.76,0.082,0.345,0.667,0.93
199,199,0.402,0.665,0.987,0.25,0.572,0.835,0.157,0.42,0.742,0.005,0.327,0.59,0.912,0.175,0.497,0.76,0.082,0.345,0.667,0.93
200,200,0.665,0.987,0.25,0.572,0.835,0.157,0.42,0.742,0.005,0.327,0.59,0.912,0.175,0.497,0.76,0.082,0.345,0.667,0.93,0.252
201,201,0.665,0.987,0.25,0.572,0.835,0.157,0.42,0.742,0.005,0.327,0.59,0.912,0.175,0.497,0.76,0.082,0.345,0.667,0.93,0.252
202,202,0.987,0.25,0.572,0.835,0.157,0.42,0.742,0.005,0.327,0.59,0.912,0.175,0.497,0.76,0.082,0.345,0.667,0.93,0.252,0.515
203,203,0.987,0.25,0.572,0.835,0.157,0.42,0.742,0.005,0.327,0.59,0.912,0.175,0.497,0.76,0.082,0.345,0.667,0.93,0.252,0.515
204,204,0.25,0.572,0.835,0.157,0.42,0.742,0.005,0.327,0.59,0.912,0.175,0.497,0.76,0.082,0.345,0.667,0.93,0.252,0.515,0.837
205,205,0.25,0.572,0.835,0.157,0.42,0.742,0.005,0.327,0.59,0.912,0.175,0.497,0.76,0.082,0.345,0.667,0.93,0.252,0.515,0.837
206,206,0.572,0.835,0.157,0.42,0.742,0.005,0.327,0.59,0.912,0.175,0.497,0.76,0.082,0.345,0.667,0.93,0.252,0.515,0.837,0.1
207,207,0.572,0.835,0.157,0.42,0.742,0.005,0.327,0.59,0.912,0.175,0.497,0.76,0.082,0.345,0.667,0.93,0.252,0.515,0.837,0.1
208,208,0.835,0.157,0.42,0.742,0.005,0.327,0.59,0.912,0.175,0.497,0.76,0.082,0.345,0.667,0.93,0.252,0.515,0.837,0.1,0.422
209,209,0.835,0.157,0.42,0.742,0.005,0.327,0.59,0.912,0.175,0.497,0.76,0.082,0.345,0.667,0.93,0.252,0.515,0.837,0.1,0.422
210,210,0.157,0.42,0.742,0.005,0.327,0.59,0.912,0.175,0.497,0.76,0.082,0.345,0.667,0.93,0.252,0.515,0.837,0.1,0.422,0.685
211,211,0.157,0.42,0.742,0.005,0.327,0.59,0.912,0.175,0.497,0.76,0.082,0.345,0.667,0.93,0.252,0.515,0.837,0.1,0.422,0.685
212,212,0.42,0.742,0.005,0.327,0.59,0.912,0.175,0.497,0.76,0.082,0.345,0.667,0.93,0.252,0.515,0.837,0.1,0.422,0.685,0.007
213,213,0.42,0.742,0.005,0.327,0.59,0.912,0.175,0.497,0.76,0.082,0.345,0.667,0.93,0.252,0.515,0.837,0.1,0.422,0.685,0.007
214,214,0.742,0.005,0.327,0.59,0.912,0.175,0.497,0.76,0.082,0.345,0.667,0.93,0.252,0.515,0.837,0.1,0.422,0.685,0.007,0.27
215,215,0.742,0.005,0.327,0.59,0.912,0.175,0.497,0.76,0.082,0.345,0.667,0.93,0.252,0.515,0.837,0.1,0.422,0.685,0.007,0.27
216,216,0.005,0.327,0.59,0.912,0.175,0.497,0.76,0.082,0.345,0.667,0.93,0.252,0.515,0.837,0.1,0.422,0.685,0.007,0.27,0.592
217,217,0.005,0.327,0.59,0.912,0.175,0.497,0.76,0.082,0.345,0.667,0.93,0.252,0.515,0.837,0.1,0.422,0.685,0.007,0.27,0.592
218,218,0.327,0.59,0.912,0.175,0.497,0.76,0.082,0.345,0.667,0.93,0.252,0.515,0.837,0.1,0.422,0.685,0.007,0.27,0.592,0.855
219,219,0.327,0.59,0.912,0.175,0.497,0.76,0.082,0.345,0.667,0.93,0.252,0.515,0.837,0.1,0.422,0.685,0.007,0.27,0.592,0.855
220,220,0.59,0.912,0.175,0.497,0.76,0.082,0.345,0.667,0.93,0.252,0.515,0.837,0.1,0.422,0.685,0.007,0.27,0.592,0.855,0.177
221,221,0.59,0.912,0.175,0.497,0.76,0.082,0.345,0.667,0.93,0.252,0.515,0.837,0.1,0.422,0.685,0.007,0.27,0.592,0.855,0.177
222,222,0.912,0.175,0.497,0.76,0.082,0.345,0.667,0.93,0.252,0.515,0.837,0.1,0.422,0.685,0.007,0.27,0.592,0.855,0.177,0.44
223,223,0.912,0.175,0.497,0.76,0.082,0.345,0.667,0.93,0.252,0.515,0.837,0.1,0.422,0.685,0.007,0.27,0.592,0.855,0.177,0.44
224,224,0.175,0.497,0.76,0.082,0.345,0.667,0.93,0.252,0.515,0.837,0.1,0.422,0.685,0.007,0.27,0.592,0.855,0.177,0.44,0.762
225,225,0.175,0.497,0.76,0.082,0.345,0.667,0.93,0.252,0.515,0.837,0.1,0.422,0.685,0.007,0.27,0.592,0.855,0.177,0.44,0.762
226,226,0.497,0.76,0.082,0.345,0.667,0.93,0.252,0.515,0.837,0.1,0.422,0.685,0.007,0.27,0.592,0.855,0.177,0.44,0.762,0.025
227,227,0.497,0.76,0.082,0.345,0.667,0.93,0.252,0.515,0.837,0.1,0.422,0.685,0.007,0.27,0.592,0.855,0.177,0.44,0.762,0.025
228,228,0.76,0.082,0.345,0.667,0.93,0.252,0.515,0.837,0.1,0.422,0.685,0.007,0.27,0.592,0.855,0.177,0.44,0.762,0.025,0.347
229,229,0.76,0.082,0.345,0.667,0.93,0.252,0.515,0.837,0.1,0.422,0.685,0.007,0.27,0.592,0.855,0.177,0.44,0.762,0.025,0.347
230,230,0.082,0.345,0.667,0.93,0.252,0.515,0.837,0.1,0.422,0.685,0.007,0.27,0.592,0.855,0.177,0.44,0.762,0.025,0.347,0.61
231,231,0.082,0.345,0.667,0.93,0.252,0.515,0.837,0.1,0.422,0.685,0.007,0.27,0.592,0.855,0.177,0.44,0.762,0.025,0.347,0.61
232,232,0.345,0.667,0.93,0.252,0.515,0.837,0.1,0.422,0.685,0.007,0.27,0.592,0.855,0.177,0.44,0.762,0.025,0.347,0.61,0.932
233,233,0.345,0.667,0.93,0.252,0.515,0.837,0.1,0.422,0.685,0.007,0.27,0.592,0.855,0.177,0.44,0.762,0.025,0.347,0.61,0.932
234,234,0.667,0.93,0.252,0.515,0.837,0.1,0.422,0.685,0.007,0.27,0.592,0.855,0.177,0.44,0.762,0.025,0.347,0.61,0.932,0.195
235,235,0.667,0.93,0.252,0.515,0.837,0.1,0.422,0.685,0.007,0.27,0.592,0.855,0.177,0.44,0.762,0.025,0.347,0.61,0.932,0.195
236,236,0.93,0.252,0.515,0.837,0.1,0.422,0.685,0.007,0.27,0.592,0.855,0.177,0.44,0.762,0.025,0.347,0.61,0.932,0.195,0.517
237,237,0.93,0.252,0.515,0.837,0.1,0.422,0.685,0.007,0.27,0.592,0.855,0.177,0.44,0.762,0.025,0.347,0.61,0.932,0.195,0.517
238,238,0.252,0.515,0.837,0.1,0.422,0.685,0.007,0.27,0.592,0.855,0.177,0.44,0.762,0.025,0.347,0.61,0.932,0.195,0.517,0.78
239,239,0.252,0.515,0.837,0.1,0.422,0.685,0.007,0.27,0.592,0.855,0.177,0.44,0.762,0.025,0.347,0.61,0.932,0.195,0.517,0.78
240,240,0.515,0.837,0.1,0.422,0.685,0.007,0.27,0.592,0.855,0.177,0.44,0.762,0.025,0.347,0.61,0.932,0.195,0.517,0.78,0.102
241,241,0.515,0.837,0.1,0.422,0.685,0.007,0.27,0.592,0.855,0.177,0.44,0.762,0.025,0.347,0.61,0.932,0.195,0.517,0.78,0.102
242,242,0.837,0.1,0.422,0.685,0.007,0.27,0.592,0.855,0.177,0.44,0.762,0.025,0.347,0.61,0.932,0.195,0.517,0.78,0.102,0.365
243,243,0.837,0.1,0.422,0.685,0.007,0.27,0.592,0.855,0.177,0.44,0.762,0.025,0.347,0.61,0.932,0.195,0.517,0.78,0.102,0.365
244,244,0.1,0.422,0.685,0.007,0.27,0.592,0.855,0.177,0.44,0.762,0.025,0.347,0.61,0.932,0.195,0.517,0.78,0.102,0.365,0.687
245,245,0.1,0.422,0.685,0.007,0.27,0.592,0.855,0.177,0.44,0.762,0.025,0.347,0.61,0.932,0.195,0.517,0.78,0.102,0.365,0.687
246,246,0.422,0.685,0.007,0.27,0.592,0.855,0.177,0.44,0.762,0.025,0.347,0.61,0.932,0.195,0.517,0.78,0.102,0.365,0.687,0.95
247,247,0.422,0.685,0.007,0.27,0.592,0.855,0.177,0.44,0.762,0.025,0.347,0.61,0.932,0.195,0.517,0.78,0.102,0.365,0.687,0.95
248,248,0.685,0.007,0.27,0.592,0.855,0.177,0.44,0.762,0.025,0.347,0.61,0.932,0.195,0.517,0.78,0.102,0.365,0.687,0.95,0.272
249,249,0.685,0.007,0.27,0.592,0.855,0.177,0.44,0.762,0.025,0.347,0.61,0.932,0.195,0.517,0.78,0.102,0.365,0.687,0.95,0.272
250,250,0.007,0.27,0.592,0.855,0.177,0.44,0.762,0.025,0.347,0.61,0.932,0.195,0.517,0.78,0.102,0.365,0.687,0.95,0.272,0.535
251,251,0.007,0.27,0.592,0.855,0.177,0.44,0.762,0.025,0.347,0.61,0.932,0.195,0.517,0.78,0.102,0.365,0.687,0.95,0.272,0.535
252,252,0.27,0.592,0.855,0.177,0.44,0.762,0.025,0.347,0.61,0.932,0.195,0.517,0.78,0.102,0.365,0.687,0.95,0.272,0.535,0.857
253,253,0.27,0.592,0.855,0.177,0.44,0.762,0.025,0.347,0.61,0.932,0.195,0.517,0.78,0.102,0.365,0.687,0.95,0.272,0.535,0.857
254,254,0.592,0.855,0.177,0.44,0.762,0.025,0.347,0.61,0.932,0.195,0.517,0.78,0.102,0.365,0.687,0.95,0.272,0.535,0.857,0.12
255,255,0.592,0.855,0.177,0.44,0.762,0.025,0.347,0.61,0.932,0.195,0.517,0.78,0.102,0.365,0.687,0.95,0.272,0.535,0.857,0.12
256,256,0.855,0.177,0.44,0.762,0.025,0.347,0.61,0.932,0.195,0.517,0.78,0.102,0.365,0.687,0.95,0.272,0.535,0.857,0.12,0.442
257,257,0.855,0.177,0.44,0.762,0.025,0.347,0.61,0.932,0.195,0.517,0.78,0.102,0.365,0.687,0.95,0.272,0.535,0.857,0.12,0.442
258,258,0.177,0.44,0.762,0.025,0.347,0.61,0.932,0.195,0.517,0.78,0.102,0.365,0.687,0.95,0.272,0.535,0.857,0.12,0.442,0.705
259,259,0.177,0.44,0.762,0.025,0.347,0.61,0.932,0.195,0.517,0.78,0.102,0.365,0.687,0.95,0.272,0.535,0.857,0.12,0.442,0.705
260,260,0.44,0.762,0.025,0.347,0.61,0.932,0.195,0.517,0.78,0.102,0.365,0.687,0.95,0.272,0.535,0.857,0.12,0.442,0.705,0.027
261,261,0.44,0.762,0.025,0.347,0.61,0.932,0.195,0.517,0.78,0.102,0.365,0.687,0.95,0.272,0.535,0.857,0.12,0.442,0.705,0.027
262,262,0.762,0.025,0.347,0.61,0.932,0.195,0.517,0.78,0.102,0.365,0.687,0.95,0.272,0.535,0.857,0.12,0.442,0.705,0.027,0.29
263,263,0.762,0.025,0.347,0.61,0.932,0.195,0.517,0.78,0.102,0.365,0.687,0.95,0.272,0.535,0.857,0.12,0.442,0.705,0.027,0.29
264,264,0.025,0.347,0.61,0.932,0.195,0.517,0.78,0.102,0.365,0.687,0.95,0.272,0.535,0.857,0.12,0.442,0.705,0.027,0.29,0.612
265,265,0.025,0.347,0.61,0.932,0.195,0.517,0.78,0.102,0.365,0.687,0.95,0.272,0.535,0.857,0.12,0.442,0.705,0.027,0.29,0.612
266,266,0.347,0.61,0.932,0.195,0.517,0.78,0.102,0.365,0.687,0.95,0.272,0.535,0.857,0.12,0.442,0.705,0.027,0.29,0.612,0.875
267,267,0.347,0.61,0.932,0.195,0.517,0.78,0.102,0.365,0.687,0.95,0.272,0.535,0.857,0.12,0.442,0.705,0.027,0.29,0.612,0.875
268,268,0.61,0.932,0.195,0.517,0.78,0.102,0.365,0.687,0.95,0.272,0.535,0.857,0.12,0.442,0.705,0.027,0.29,0.612,0.875,0.197
269,269,0.61,0.932,0.195,0.517,0.78,0.102,0.365,0.687,0.95,0.272,0.535,0.857,0.12,0.442,0.705,0.027,0.29,0.612,0.875,0.197
270,270,0.932,0.195,0.517,0.78,0.102,0.365,0.687,0.95,0.272,0.535,0.857,0.12,0.442,0.705,0.027,0.29,0.612,0.875,0.197,0.46
271,271,0.932,0.195,0.517,0.78,0.102,0.365,0.687,0.95,0.272,0.535,0.857,0.12,0.442,0.705,0.027,0.29,0.612,0.875,0.197,0.46
272,272,0.195,0.517,0.78,0.102,0.365,0.687,0.95,0.272,0.535,0.857,0.12,0.442,0.705,0.027,0.29,0.612,0.875,0.197,0.46,0.782
273,273,0.195,0.517,0.78,0.102,0.365,0.687,0.95,0.272,0.535,0.857,0.12,0.442,0.705,0.027,0.29,0.612,0.875,0.197,0.46,0.782
274,274,0.517,0.78,0.102,0.365,0.687,0.95,0.272,0.535,0.857,0.12,0.442,0.705,0.027,0.29,0.612,0.875,0.197,0.46,0.782,0.045
275,275,0.517,0.78,0.102,0.365,0.687,0.95,0.272,0.535,0.857,0.12,0.442,0.705,0.027,0.29,0.612,0.875,0.197,0.46,0.782,0.045
276,276,0.78,0.102,0.365,0.687,0.95,0.272,0.535,0.857,0.12,0.442,0.705,0.027,0.29,0.612,0.875,0.197,0.46,0.782,0.045,0.367
277,277,0.78,0.102,0.365,0.687,0.95,0.272,0.535,0.857,0.12,0.442,0.705,0.027,0.29,0.612,0.875,0.197,0.46,0.782,0.045,0.367
278,278,0.102,0.365,0.687,0.95,0.272,0.535,0.857,0.12,0.442,0.705,0.027,0.29,0.612,0.875,0.197,0.46,0.782,0.045,0.367,0.63
279,279,0.102,0.365,0.687,0.95,0.272,0.535,0.857,0.12,0.442,0.705,0.027,0.29,0.612,0.875,0.197,0.46,0.782,0.045,0.367,0.63
280,280,0.365,0.687,0.95,0.272,0.535,0.857,0.12,0.442,0.705,0.027,0.29,0.612,0.875,0.197,0.46,0.782,0.045,0.367,0.63,0.952
281,281,0.365,0.687,0.95,0.272,0.535,0.857,0.12,0.442,0.705,0.027,0.29,0.612,0.875,0.197,0.46,0.782,0.045,0.367,0.63,0.952
282,282,0.687,0.95,0.272,0.535,0.857,0.12,0.442,0.705,0.027,0.29,0.612,0.875,0.197,0.46,0.782,0.045,0.367,0.63,0.952,0.215
283,283,0.687,0.95,0.272,0.535,0.857,0.12,0.442,0.705,0.027,0.29,0.612,0.875,0.197,0.46,0.782,0.045,0.367,0.63,0.952,0.215
284,284,0.95,0.272,0.535,0.857,0.12,0.442,0.705,0.027,0.29,0.612,0.875,0.197,0.46,0.782,0.045,0.367,0.63,0.952,0.215,0.537
285,285,0.95,0.272,0.535,0.857,0.12,0.442,0.705,0.027,0.29,0.612,0.875,0.197,0.46,0.782,0.045,0.367,0.63,0.952,0.215,0.537
286,286,0.272,0.535,0.857,0.12,0.442,0.705,0.027,0.29,0.612,0.875,0.197,0.46,0.782,0.045,0.367,0.63,0.952,0.215,0.537,0.8
287,287,0.272,0.535,0.857,0.12,0.442,0.705,0.027,0.29,0.612,0.875,0.197,0.46,0.782,0.045,0.367,0.63,0.952,0.215,0.537,0.8
288,288,0.535,0.857,0.12,0.442,0.705,0.027,0.29,0.612,0.875,0.197,0.46,0.782,0.045,0.367,0.63,0.952,0.215,0.537,0.8,0.122
289,289,0.535,0.857,0.12,0.442,0.705,0.027,0.29,0.612,0.875,0.197,0.46,0.782,0.045,0.367,0.63,0.952,0.215,0.537,0.8,0.122
290,290,0.857,0.12,0.442,0.705,0.027,0.29,0.612,0.875,0.197,0.46,0.782,0.045,0.367,0.63,0.952,0.215,0.537,0.8,0.122,0.385
291,291,0.857,0.12,0.442,0.705,0.027,0.29,0.612,0.875,0.197,0.46,0.782,0.045,0.367,0.63,0.952,0.215,0.537,0.8,0.122,0.385
292,292,0.12,0.442,0.705,0.027,0.29,0.612,0.875,0.197,0.46,0.782,0.045,0.367,0.63,0.952,0.215,0.537,0.8,0.122,0.385,0.707
293,293,0.12,0.442,0.705,0.027,0.29,0.612,0.875,0.197,0.46,0.782,0.045,0.367,0.63,0.952,0.215,0.537,0.8,0.122,0.385,0.707
294,294,0.442,0.705,0.027,0.29,0.612,0.875,0.197,0.46,0.782,0.045,0.367,0.63,0.952,0.215,0.537,0.8,0.122,0.385,0.707,0.97
295,295,0.442,0.705,0.027,0.29,0.612,0.875,0.197,0.46,0.782,0.045,0.367,0.63,0.952,0.215,0.537,0.8,0.122,0.385,0.707,0.97
296,296,0.705,0.027,0.29,0.612,0.875,0.197,0.46,0.782,0.045,0.367,0.63,0.952,0.215,0.537,0.8,0.122,0.385,0.707,0.97,0.292
297,297,0.705,0.027,0.29,0.612,0.875,0.197,0.46,0.782,0.045,0.367,0.63,0.952,0.215,0.537,0.8,0.122,0.385,0.707,0.97,0.292
298,298,0.027,0.29,0.612,0.875,0.197,0.46,0.782,0.045,0.367,0.63,0.952,0.215,0.537,0.8,0.122,0.385,0.707,0.97,0.292,0.555
299,299,0.027,0.29,0.612,0.875,0.197,0.46,0.782,0.045,0.367,0.63,0.952,0.215,0.537,0.8,0.122,0.385,0.707,0.97,0.292,0.555
300,300,0.29,0.612,0.875,0.197,0.46,0.782,0.045,0.367,0.63,0.952,0.215,0.537,0.8,0.122,0.385,0.707,0.97,0.292,0.555,0.877
301,301,0.29,0.612,0.875,0.197,0.46,0.782,0.045,0.367,0.63,0.952,0.215,0.537,0.8,0.122,0.385,0.707,0.97,0.292,0.555,0.877
302,302,0.612,0.875,0.197,0.46,0.782,0.045,0.367,0.63,0.952,0.215,0.537,0.8,0.122,0.385,0.707,0.97,0.292,0.555,0.877,0.14
303,303,0.612,0.875,0.197,0.46,0.782,0.045,0.367,0.63,0.952,0.215,0.537,0.8,0.122,0.385,0.707,0.97,0.292,0.555,0.877,0.14
304,304,0.875,0.197,0.46,0.782,0.045,0.367,0.63,0.952,0.215,0.537,0.8,0.122,0.385,0.707,0.97,0.292,0.555,0.877,0.14,0.462
305,305,0.875,0.197,0.46,0.782,0.045,0.367,0.63,0.952,0.215,0.537,0.8,0.122,0.385,0.707,0.97,0.292,0.555,0.877,0.14,0.462
306,306,0.197,0.46,0.782,0.045,0.367,0.63,0.952,0.215,0.537,0.8,0.122,0.385,0.707,0.97,0.292,0.555,0.877,0.14,0.462,0.725
307,307,0.197,0.46,0.782,0.045,0.367,0.63,0.952,0.215,0.537,0.8,0.122,0.385,0.707,0.97,0.292,0.555,0.877,0.14,0.462,0.725
308,308,0.46,0.782,0.045,0.367,0.63,0.952,0.215,0.537,0.8,0.122,0.385,0.707,0.97,0.292,0.555,0.877,0.14,0.462,0.725,0.047
309,309,0.46,0.782,0.045,0.367,0.63,0.952,0.215,0.537,0.8,0.122,0.385,0.707,0.97,0.292,0.555,0.877,0.14,0.462,0.725,0.047
310,310,0.782,0.045,0.367,0.63,0.952,0.215,0.537,0.8,0.122,0.385,0.707,0.97,0.292,0.555,0.877,0.14,0.462,0.725,0.047,0.31
311,311,0.782,0.045,0.367,0.63,0.952,0.215,0.537,0.8,0.122,0.385,0.707,0.97,0.292,0.555,0.877,0.14,0.462,0.725,0.047,0.31
312,312,0.045,0.367,0.63,0.952,0.215,0.537,0.8,0.122,0.385,0.707,0.97,0.292,0.555,0.877,0.14,0.462,0.725,0.047,0.31,0.632
313,313,0.045,0.367,0.63,0.952,0.215,0.537,0.8,0.122,0.385,0.707,0.97,0.292,0.555,0.877,0.14,0.462,0.725,0.047,0.31,0.632
314,314,0.367,0.63,0.952,0.215,0.537,0.8,0.122,0.385,0.707,0.97,0.292,0.555,0.877,0.14,0.462,0.725,0.047,0.31,0.632,0.895
315,315,0.367,0.63,0.952,0.215,0.537,0.8,0.122,0.385,0.707,0.97,0.292,0.555,0.877,0.14,0.462,0.725,0.047,0.31,0.632,0.895
316,316,0.63,0.952,0.215,0.537,0.8,0.122,0.385,0.707,0.97,0.292,0.555,0.877,0.14,0.462,0.725,0.047,0.31,0.632,0.895,0.217
317,317,0.63,0.952,0.215,0.537,0.8,0.122,0.385,0.707,0.97,0.292,0.555,0.877,0.14,0.462,0.725,0.047,0.31,0.632,0.895,0.217
318,318,0.952,0.215,0.537,0.8,0.122,0.385,0.707,0.97,0.292,0.555,0.877,0.14,0.462,0.725,0.047,0.31,0.632,0.895,0.217,0.48
319,319,0.952,0.215,0.537,0.8,0.122,0.385,0.707,0.97,0.292,0.555,0.877,0.14,0.462,0.725,0.047,0.31,0.632,0.895,0.217,0.48
320,320,0.215,0.537,0.8,0.122,0.385,0.707,0.97,0.292,0.555,0.877,0.14,0.462,0.725,0.047,0.31,0.632,0.895,0.217,0.48,0.802
321,321,0.215,0.537,0.8,0.122,0.385,0.707,0.97,0.292,0.555,0.877,0.14,0.462,0.725,0.047,0.31,0.632,0.895,0.217,0.48,0.802
322,322,0.537,0.8,0.122,0.385,0.707,0.97,0.292,0.555,0.877,0.14,0.462,0.725,0.047,0.31,0.632,0.895,0.217,0.48,0.802,0.065
323,323,0.537,0.8,0.122,0.385,0.707,0.97,0.292,0.555,0.877,0.14,0.462,0.725,0.047,0.31,0.632,0.895,0.217,0.48,0.802,0.065
324,324,0.8,0.122,0.385,0.707,0.97,0.292,0.555,0.877,0.14,0.462,0.725,0.047,0.31,0.632,0.895,0.217,0.48,0.802,0.065,0.387
325,325,0.8,0.122,0.385,0.707,0.97,0.292,0.555,0.877,0.14,0.462,0.725,0.047,0.31,0.632,0.895,0.217,0.48,0.802,0.065,0.387
326,326,0.122,0.385,0.707,0.97,0.292,0.555,0.877,0.14,0.462,0.725,0.047,0.31,0.632,0.895,0.217,0.48,0.802,0.065,0.387,0.65
327,327,0.122,0.385,0.707,0.97,0.292,0.555,0.877,0.14,0.462,0.725,0.047,0.31,0.632,0.895,0.217,0.48,0.802,0.065,0.387,0.65
328,328,0.385,0.707,0.97,0.292,0.555,0.877,0.14,0.462,0.725,0.047,0.31,0.632,0.895,0.217,0.48,0.802,0.065,0.387,0.65,0.972
329,329,0.385,0.707,0.97,0.292,0.555,0.877,0.14,0.462,0.725,0.047,0.31,0.632,0.895,0.217,0.48,0.802,0.065,0.387,0.65,0.972
330,330,0.707,0.97,0.292,0.555,0.877,0.14,0.462,0.725,0.047,0.31,0.632,0.895,0.217,0.48,0.802,0.065,0.387,0.65,0.972,0.235
331,331,0.707,0.97,0.292,0.555,0.877,0.14,0.462,0.725,0.047,0.31,0.632,0.895,0.217,0.48,0.802,0.065,0.387,0.65,0.972,0.235
332,332,0.97,0.292,0.555,0.877,0.14,0.462,0.725,0.047,0.31,0.632,0.895,0.217,0.48,0.802,0.065,0.387,0.65,0.972,0.235,0.557
333,333,0.97,0.292,0.555,0.877,0.14,0.462,0.725,0.047,0.31,0.632,0.895,0.217,0.48,0.802,0.065,0.387,0.65,0.972,0.235,0.557
334,334,0.292,0.555,0.877,0.14,0.462,0.725,0.047,0.31,0.632,0.895,0.217,0.48,0.802,0.065,0.387,0.65,0.972,0.235,0.557,0.82
335,335,0.292,0.555,0.877,0.14,0.462,0.725,0.047,0.31,0.632,0.895,0.217,0.48,0.802,0.065,0.387,0.65,0.972,0.235,0.557,0.82
336,336,0.555,0.877,0.14,0.462,0.725,0.047,0.31,0.632,0.895,0.217,0.48,0.802,0.065,0.387,0.65,0.972,0.235,0.557,0.82,0.142
337,337,0.555,0.877,0.14,0.462,0.725,0.047,0.31,0.632,0.895,0.217,0.48,0.802,0.065,0.387,0.65,0.972,0.235,0.557,0.82,0.142
338,338,0.877,0.14,0.462,0.725,0.047,0.31,0.632,0.895,0.217,0.48,0.802,0.065,0.387,0.65,0.972,0.235,0.557,0.82,0.142,0.405
339,339,0.877,0.14,0.462,0.725,0.047,0.31,0.632,0.895,0.217,0.48,0.802,0.065,0.387,0.65,0.972,0.235,0.557,0.82,0.142,0.405
340,340,0.14,0.462,0.725,0.047,0.31,0.632,0.895,0.217,0.48,0.802,0.065,0.387,0.65,0.972,0.235,0.557,0.82,0.142,0.405,0.727
341,341,0.14,0.462,0.725,0.047,0.31,0.632,0.895,0.217,0.48,0.802,0.065,0.387,0.65,0.972,0.235,0.557,0.82,0.142,0.405,0.727
342,342,0.462,0.725,0.047,0.31,0.632,0.895,0.217,0.48,0.802,0.065,0.387,0.65,0.972,0.235,0.557,0.82,0.142,0.405,0.727,0.99
343,343,0.462,0.725,0.047,0.31,0.632,0.895,0.217,0.48,0.802,0.065,0.387,0.65,0.972,0.235,0.557,0.82,0.142,0.405,0.727,0.99
344,344,0.725,0.047,0.31,0.632,0.895,0.217,0.48,0.802,0.065,0.387,0.65,0.972,0.235,0.557,0.82,0.142,0.405,0.727,0.99,0.312
345,345,0.725,0.047,0.31,0.632,0.895,0.217,0.48,0.802,0.065,0.387,0.65,0.972,0.235,0.557,0.82,0.142,0.405,0.727,0.99,0.312
346,346,0.047,0.31,0.632,0.895,0.217,0.48,0.802,0.065,0.387,0.65,0.972,0.235,0.557,0.82,0.142,0.405,0.727,0.99,0.312,0.575
347,347,0.047,0.31,0.632,0.895,0.217,0.48,0.802,0.065,0.387,0.65,0.972,0.235,0.557,0.82,0.142,0.405,0.727,0.99,0.312,0.575
348,348,0.31,0.632,0.895,0.217,0.48,0.802,0.065,0.387,0.65,0.972,0.235,0.557,0.82,0.142,0.405,0.727,0.99,0.312,0.575,0.897
349,349,0.31,0.632,0.895,0.217,0.48,0.802,0.065,0.387,0.65,0.972,0.235,0.557,0.82,0.142,0.405,0.727,0.99,0.312,0.575,0.897
350,350,0.632,0.895,0.217,0.48,0.802,0.065,0.387,0.65,0.972,0.235,0.557,0.82,0.142,0.405,0.727,0.99,0.312,0.575,0.897,0.16
351,351,0.632,0.895,0.217,0.48,0.802,0.065,0.387,0.65,0.972,0.235,0.557,0.82,0.142,0.405,0.727,0.99,0.312,0.575,0.897,0.16
352,352,0.895,0.217,0.48,0.802,0.065,0.387,0.65,0.972,0.235,0.557,0.82,0.142,0.405,0.727,0.99,0.312,0.575,0.897,0.16,0.482
353,353,0.895,0.217,0.48,0.802,0.065,0.387,0.65,0.972,0.235,0.557,0.82,0.142,0.405,0.727,0.99,0.312,0.575,0.897,0.16,0.482
354,354,0.217,0.48,0.802,0.065,0.387,0.65,0.972,0.235,0.557,0.82,0.142,0.405,0.727,0.99,0.312,0.575,0.897,0.16,0.482,0.745
355,355,0.217,0.48,0.802,0.065,0.387,0.65,0.972,0.235,0.557,0.82,0.142,0.405,0.727,0.99,0.312,0.575,0.897,0.16,0.482,0.745
356,356,0.48,0.802,0.065,0.387,0.65,0.972,0.235,0.557,0.82,0.142,0.405,0.727,0.99,0.312,0.575,0.897,0.16,0.482,0.745,0.067
357,357,0.48,0.802,0.065,0.387,0.65,0.972,0.235,0.557,0.82,0.142,0.405,0.727,0.99,0.312,0.575,0.897,0.16,0.482,0.745,0.067
358,358,0.802,0.065,0.387,0.65,0.972,0.235,0.557,0.82,0.142,0.405,0.727,0.99,0.312,0.575,0.897,0.16,0.482,0.745,0.067,0.33
359,359,0.802,0.065,0.387,0.65,0.972,0.235,0.557,0.82,0.142,0.405,0.727,0.99,0.312,0.575,0.897,0.16,0.482,0.745,0.067,0.33
360,360,0.065,0.387,0.65,0.972,0.235,0.557,0.82,0.142,0.405,0.727,0.99,0.312,0.575,0.897,0.16,0.482,0.745,0.067,0.33,0.652
361,361,0.065,0.387,0.65,0.972,0.235,0.557,0.82,0.142,0.405,0.727,0.99,0.312,0.575,0.897,0.16,0.482,0.745,0.067,0.33,0.652
362,362,0.387,0.65,0.972,0.235,0.557,0.82,0.142,0.405,0.727,0.99,0.312,0.575,0.897,0.16,0.482,0.745,0.067,0.33,0.652,0.915
363,363,0.387,0.65,0.972,0.235,0.557,0.82,0.142,0.405,0.727,0.99,0.312,0.575,0.897,0.16,0.482,0.745,0.067,0.33,0.652,0.915
364,364,0.65,0.972,0.235,0.557,0.82,0.142,0.405,0.727,0.99,0.312,0.575,0.897,0.16,0.482,0.745,0.067,0.33,0.652,0.915,0.237
365,365,0.65,0.972,0.235,0.557,0.82,0.142,0.405,0.727,0.99,0.312,0.575,0.897,0.16,0.482,0.745,0.067,0.33,0.652,0.915,0.237
366,366,0.972,0.235,0.557,0.82,0.142,0.405,0.727,0.99,0.312,0.575,0.897,0.16,0.482,0.745,0.067,0.33,0.652,0.915,0.237,0.5
367,367,0.972,0.235,0.557,0.82,0.142,0.405,0.727,0.99,0.312,0.575,0.897,0.16,0.482,0.745,0.067,0.33,0.652,0.915,0.237,0.5
368,368,0.235,0.557,0.82,0.142,0.405,0.727,0.99,0.312,0.575,0.897,0.16,0.482,0.745,0.067,0.33,0.652,0.915,0.237,0.5,0.822
369,369,0.235,0.557,0.82,0.142,0.405,0.727,0.99,0.312,0.575,0.897,0.16,0.482,0.745,0.067,0.33,0.652,0.915,0.237,0.5,0.822
370,370,0.557,0.82,0.142,0.405,0.727,0.99,0.312,0.575,0.897,0.16,0.482,0.745,0.067,0.33,0.652,0.915,0.237,0.5,0.822,0.085
371,371,0.557,0.82,0.142,0.405,0.727,0.99,0.312,0.575,0.897,0.16,0.482,0.745,0.067,0.33,0.652,0.915,0.237,0.5,0.822,0.085
372,372,0.82,0.142,0.405,0.727,0.99,0.312,0.575,0.897,0.16,0.482,0.745,0.067,0.33,0.652,0.915,0.237,0.5,0.822,0.085,0.407
373,373,0.82,0.142,0.405,0.727,0.99,0.312,0.575,0.897,0.16,0.482,0.745,0.067,0.33,0.652,0.915,0.237,0.5,0.822,0.085,0.407
374,374,0.142,0.405,0.727,0.99,0.312,0.575,0.897,0.16,0.482,0.745,0.067,0.33,0.652,0.915,0.237,0.5,0.822,0.085,0.407,0.67
375,375,0.142,0.405,0.727,0.99,0.312,0.575,0.897,0.16,0.482,0.745,0.067,0.33,0.652,0.915,0.237,0.5,0.822,0.085,0.407,0.67
376,376,0.405,0.727,0.99,0.312,0.575,0.897,0.16,0.482,0.745,0.067,0.33,0.652,0.915,0.237,0.5,0.822,0.085,0.407,0.67,0.992
377,377,0.405,0.727,0.99,0.312,0.575,0.897,0.16,0.482,0.745,0.067,0.33,0.652,0.915,0.237,0.5,0.822,0.085,0.407,0.67,0.992
378,378,0.727,0.99,0.312,0.575,0.897,0.16,0.482,0.745,0.067,0.33,0.652,0.915,0.237,0.5,0.822,0.085,0.407,0.67,0.992,0.255
379,379,0.727,0.99,0.312,0.575,0.897,0.16,0.482,0.745,0.067,0.33,0.652,0.915,0.237,0.5,0.822,0.085,0.407,0.67,0.992,0.255
380,380,0.99,0.312,0.575,0.897,0.16,0.482,0.745,0.067,0.33,0.652,0.915,0.237,0.5,0.822,0.085,0.407,0.67,0.992,0.255,0.577
381,381,0.99,0.312,0.575,0.897,0.16,0.482,0.745,0.067,0.33,0.652,0.915,0.237,0.5,0.822,0.085,0.407,0.67,0.992,0.255,0.577
382,382,0.312,0.575,0.897,0.16,0.482,0.745,0.067,0.33,0.652,0.915,0.237,0.5,0.822,0.085,0.407,0.67,0.992,0.255,0.577,0.84
383,383,0.312,0.575,0.897,0.16,0.482,0.745,0.067,0.33,0.652,0.915,0.237,0.5,0.822,0.085,0.407,0.67,0.992,0.255,0.577,0.84
384,384,0.575,0.897,0.16,0.482,0.745,0.067,0.33,0.652,0.915,0.237,0.5,0.822,0.085,0.407,0.67,0.992,0.255,0.577,0.84,0.162
385,385,0.575,0.897,0.16,0.482,0.745,0.067,0.33,0.652,0.915,0.237,0.5,0.822,0.085,0.407,0.67,0.992,0.255,0.577,0.84,0.162
386,386,0.897,0.16,0.482,0.745,0.067,0.33,0.652,0.915,0.237,0.5,0.822,0.085,0.407,0.67,0.992,0.255,0.577,0.84,0.162,0.425
387,387,0.897,0.16,0.482,0.745,0.067,0.33,0.652,0.915,0.237,0.5,0.822,0.085,0.407,0.67,0.992,0.255,0.577,0.84,0.162,0.425
388,388,0.16,0.482,0.745,0.067,0.33,0.652,0.915,0.237,0.5,0.822,0.085,0.407,0.67,0.992,0.255,0.577,0.84,0.162,0.425,0.747
389,389,0.16,0.482,0.745,0.067,0.33,0.652,0.915,0.237,0.5,0.822,0.085,0.407,0.67,0.992,0.255,0.577,0.84,0.162,0.425,0.747
390,390,0.482,0.745,0.067,0.33,0.652,0.915,0.237,0.5,0.822,0.085,0.407,0.67,0.992,0.255,0.577,0.84,0.162,0.425,0.747,0.01
391,391,0.482,0.745,0.067,0.33,0.652,0.915,0.237,0.5,0.822,0.085,0.407,0.67,0.992,0.255,0.577,0.84,0.162,0.425,0.747,0.01
392,392,0.745,0.067,0.33,0.652,0.915,0.237,0.5,0.822,0.085,0.407,0.67,0.992,0.255,0.577,0.84,0.162,0.425,0.747,0.01,0.332
393,393,0.745,0.067,0.33,0.652,0.915,0.237,0.5,0.822,0.085,0.407,0.67,0.992,0.255,0.577,0.84,0.162,0.425,0.747,0.01,0.332
394,394,0.067,0.33,0.652,0.915,0.237,0.5,0.822,0.085,0.407,0.67,0.992,0.255,0.577,0.84,0.162,0.425,0.747,0.01,0.332,0.595
395,395,0.067,0.33,0.652,0.915,0.237,0.5,0.822,0.085,0.407,0.67,0.992,0.255,0.577,0.84,0.162,0.425,0.747,0.01,0.332,0.595
396,396,0.33,0.652,0.915,0.237,0.5,0.822,0.085,0.407,0.67,0.992,0.255,0.577,0.84,0.162,0.425,0.747,0.01,0.332,0.595,0.917
397,397,0.33,0.652,0.915,0.237,0.5,0.822,0.085,0.407,0.67,0.992,0.255,0.577,0.84,0.162,0.425,0.747,0.01,0.332,0.595,0.917
398,398,0.652,0.915,0.237,0.5,0.822,0.085,0.407,0.67,0.992,0.255,0.577,0.84,0.162,0.425,0.747,0.01,0.332,0.595,0.917,0.18
399,399,0.652,0.915,0.237,0.5,0.822,0.085,0.407,0.67,0.992,0.255,0.577,0.84,0.162,0.425,0.747,0.01,0.332,0.595,0.917,0.18
400,400,0.915,0.237,0.5,0.822,0.085,0.407,0.67,0.992,0.255,0.577,0.84,0.162,0.425,0.747,0.01,0.332,0.595,0.917,0.18,0.502
401,401,0.915,0.237,0.5,0.822,0.085,0.407,0.67,0.992,0.255,0.577,0.84,0.162,0.425,0.747,0.01,0.332,0.595,0.917,0.18,0.502
402,402,0.237,0.5,0.822,0.085,0.407,0.67,0.992,0.255,0.577,0.84,0.162,0.425,0.747,0.01,0.332,0.595,0.917,0.18,0.502,0.765
403,403,0.237,0.5,0.822,0.085,0.407,0.67,0.992,0.255,0.577,0.84,0.162,0.425,0.747,0.01,0.332,0.595,0.917,0.18,0.502,0.765
404,404,0.5,0.822,0.085,0.407,0.67,0.992,0.255,0.577,0.84,0.162,0.425,0.747,0.01,0.332,0.595,0.917,0.18,0.502,0.765,0.087
405,405,0.5,0.822,0.085,0.407,0.67,0.992,0.255,0.577,0.84,0.162,0.425,0.747,0.01,0.332,0.595,0.917,0.18,0.502,0.765,0.087
406,406,0.822,0.085,0.407,0.67,0.992,0.255,0.577,0.84,0.162,0.425,0.747,0.01,0.332,0.595,0.917,0.18,0.502,0.765,0.087,0.35
407,407,0.822,0.085,0.407,0.67,0.992,0.255,0.577,0.84,0.162,0.425,0.747,0.01,0.332,0.595,0.917,0.18,0.502,0.765,0.087,0.35
408,408,0.085,0.407,0.67,0.992,0.255,0.577,0.84,0.162,0.425,0.747,0.01,0.332,0.595,0.917,0.18,0.502,0.765,0.087,0.35,0.672
409,409,0.085,0.407,0.67,0.992,0.255,0.577,0.84,0.162,0.425,0.747,0.01,0.332,0.595,0.917,0.18,0.502,0.765,0.087,0.35,0.672
410,410,0.407,0.67,0.992,0.255,0.577,0.84,0.162,0.425,0.747,0.01,0.332,0.595,0.917,0.18,0.502,0.765,0.087,0.35,0.672,0.935
411,411,0.407,0.67,0.992,0.255,0.577,0.84,0.162,0.425,0.747,0.01,0.332,0.595,0.917,0.18,0.502,0.765,0.087,0.35,0.672,0.935
412,412,0.67,0.992,0.255,0.577,0.84,0.162,0.425,0.747,0.01,0.332,0.595,0.917,0.18,0.502,0.765,0.087,0.35,0.672,0.935,0.257
413,413,0.67,0.992,0.255,0.577,0.84,0.162,0.425,0.747,0.01,0.332,0.595,0.917,0.18,0.502,0.765,0.087,0.35,0.672,0.935,0.257
414,414,0.992,0.255,0.577,0.84,0.162,0.425,0.747,0.01,0.332,0.595,0.917,0.18,0.502,0.765,0.087,0.35,0.672,0.935,0.257,0.52
415,415,0.992,0.255,0.577,0.84,0.162,0.425,0.747,0.01,0.332,0.595,0.917,0.18,0.502,0.765,0.087,0.35,0.672,0.935,0.257,0.52
416,416,0.255,0.577,0.84,0.162,0.425,0.747,0.01,0.332,0.595,0.917,0.18,0.502,0.765,0.087,0.35,0.672,0.935,0.257,0.52,0.842
417,417,0.255,0.577,0.84,0.162,0.425,0.747,0.01,0.332,0.595,0.917,0.18,0.502,0.765,0.087,0.35,0.672,0.935,0.257,0.52,0.842
418,418,0.577,0.84,0.162,0.425,0.747,0.01,0.332,0.595,0.917,0.18,0.502,0.765,0.087,0.35,0.672,0.935,0.257,0.52,0.842,0.105
419,419,0.577,0.84,0.162,0.425,0.747,0.01,0.332,0.595,0.917,0.18,0.502,0.765,0.087,0.35,0.672,0.935,0.257,0.52,0.842,0.105
420,420,0.84,0.162,0.425,0.747,0.01,0.332,0.595,0.917,0.18,0.502,0.765,0.087,0.35,0.672,0.935,0.257,0.52,0.842,0.105,0.427
421,421,0.84,0.162,0.425,0.747,0.01,0.332,0.595,0.917,0.18,0.502,0.765,0.087,0.35,0.672,0.935,0.257,0.52,0.842,0.105,0.427
422,422,0.162,0.425,0.747,0.01,0.332,0.595,0.917,0.18,0.502,0.765,0.087,0.35,0.672,0.935,0.257,0.52,0.842,0.105,0.427,0.69
423,423,0.162,0.425,0.747,0.01,0.332,0.595,0.917,0.18,0.502,0.765,0.087,0.35,0.672,0.935,0.257,0.52,0.842,0.105,0.427,0.69
424,424,0.425,0.747,0.01,0.332,0.595,0.917,0.18,0.502,0.765,0.087,0.35,0.672,0.935,0.257,0.52,0.842,0.105,0.427,0.69,0.012
425,425,0.425,0.747,0.01,0.332,0.595,0.917,0.18,0.502,0.765,0.087,0.35,0.672,0.935,0.257,0.52,0.842,0.105,0.427,0.69,0.012
426,426,0.747,0.01,0.332,0.595,0.917,0.18,0.502,0.765,0.087,0.35,0.672,0.935,0.257,0.52,0.842,0.105,0.427,0.69,0.012,0.275
427,427,0.747,0.01,0.332,0.595,0.917,0.18,0.502,0.765,0.087,0.35,0.672,0.935,0.257,0.52,0.842,0.105,0.427,0.69,0.012,0.275
428,428,0.01,0.332,0.595,0.917,0.18,0.502,0.765,0.087,0.35,0.672,0.935,0.257,0.52,0.842,0.105,0.427,0.69,0.012,0.275,0.597
429,429,0.01,0.332,0.595,0.917,0.18,0.502,0.765,0.087,0.35,0.672,0.935,0.257,0.52,0.842,0.105,0.427,0.69,0.012,0.275,0.597
430,430,0.332,0.595,0.917,0.18,0.502,0.765,0.087,0.35,0.672,0.935,0.257,0.52,0.842,0.105,0.427,0.69,0.012,0.275,0.597,0.86
431,431,0.332,0.595,0.917,0.18,0.502,0.765,0.087,0.35,0.672,0.935,0.257,0.52,0.842,0.105,0.427,0.69,0.012,0.275,0.597,0.86
432,432,0.595,0.917,0.18,0.502,0.765,0.087,0.35,0.672,0.935,0.257,0.52,0.842,0.105,0.427,0.69,0.012,0.275,0.597,0.86,0.182
433,433,0.595,0.917,0.18,0.502,0.765,0.087,0.35,0.672,0.935,0.257,0.52,0.842,0.105,0.427,0.69,0.012,0.275,0.597,0.86,0.182
434,434,0.917,0.18,0.502,0.765,0.087,0.35,0.672,0.935,0.257,0.52,0.842,0.105,0.427,0.69,0.012,0.275,0.597,0.86,0.182,0.445
435,435,0.917,0.18,0.502,0.765,0.087,0.35,0.672,0.935,0.257,0.52,0.842,0.105,0.427,0.69,0.012,0.275,0.597,0.86,0.182,0.445
436,436,0.18,0.502,0.765,0.087,0.35,0.672,0.935,0.257,0.52,0.842,0.105,0.427,0.69,0.012,0.275,0.597,0.86,0.182,0.445,0.767
437,437,0.18,0.502,0.765,0.087,0.35,0.672,0.935,0.257,0.52,0.842,0.105,0.427,0.69,0.012,0.275,0.597,0.86,0.182,0.445,0.767
438,438,0.502,0.765,0.087,0.35,0.672,0.935,0.257,0.52,0.842,0.105,0.427,0.69,0.012,0.275,0.597,0.86,0.182,0.445,0.767,0.03
439,439,0.502,0.765,0.087,0.35,0.672,0.935,0.257,0.52,0.842,0.105,0.427,0.69,0.012,0.275,0.597,0.86,0.182,0.445,0.767,0.03
440,440,0.765,0.087,0.35,0.672,0.935,0.257,0.52,0.842,0.105,0.427,0.69,0.012,0.275,0.597,0.86,0.182,0.445,0.767,0.03,0.352
441,441,0.765,0.087,0.35,0.672,0.935,0.257,0.52,0.842,0.105,0.427,0.69,0.012,0.275,0.597,0.86,0.182,0.445,0.767,0.03,0.352
442,442,0.087,0.35,0.672,0.935,0.257,0.52,0.842,0.105,0.427,0.69,0.012,0.275,0.597,0.86,0.182,0.445,0.767,0.03,0.352,0.615
443,443,0.087,0.35,0.672,0.935,0.257,0.52,0.842,0.105,0.427,0.69,0.012,0.275,0.597,0.86,0.182,0.445,0.767,0.03,0.352,0.615
444,444,0.35,0.672,0.935,0.257,0.52,0.842,0.105,0.427,0.69,0.012,0.275,0.597,0.86,0.182,0.445,0.767,0.03,0.352,0.615,0.937
445,445,0.35,0.672,0.935,0.257,0.52,0.842,0.105,0.427,0.69,0.012,0.275,0.597,0.86,0.182,0.445,0.767,0.03,0.352,0.615,0.937
446,446,0.672,0.935,0.257,0.52,0.842,0.105,0.427,0.69,0.012,0.275,0.597,0.86,0.182,0.445,0.767,0.03,0.352,0.615,0.937,0.2
447,447,0.672,0.935,0.257,0.52,0.842,0.105,0.427,0.69,0.012,0.275,0.597,0.86,0.182,0.445,0.767,0.03,0.352,0.615,0.937,0.2
448,448,0.935,0.257,0.52,0.842,0.105,0.427,0.69,0.012,0.275,0.597,0.86,0.182,0.445,0.767,0.03,0.352,0.615,0.937,0.2,0.522
449,449,0.935,0.257,0.52,0.842,0.105,0.427,0.69,0.012,0.275,0.597,0.86,0.182,0.445,0.767,0.03,0.352,0.615,0.937,0.2,0.522
450,450,0.257,0.52,0.842,0.105,0.427,0.69,0.012,0.275,0.597,0.86,0.182,0.445,0.767,0.03,0.352,0.615,0.937,0.2,0.522,0.785
451,451,0.257,0.52,0.842,0.105,0.427,0.69,0.012,0.275,0.597,0.86,0.182,0.445,0.767,0.03,0.352,0.615,0.937,0.2,0.522,0.785
452,452,0.52,0.842,0.105,0.427,0.69,0.012,0.275,0.597,0.86,0.182,0.445,0.767,0.03,0.352,0.615,0.937,0.2,0.522,0.785,0.107
453,453,0.52,0.842,0.105,0.427,0.69,0.012,0.275,0.597,0.86,0.182,0.445,0.767,0.03,0.352,0.615,0.937,0.2,0.522,0.785,0.107
454,454,0.842,0.105,0.427,0.69,0.012,0.275,0.597,0.86,0.182,0.445,0.767,0.03,0.352,0.615,0.937,0.2,0.522,0.785,0.107,0.37
455,455,0.842,0.105,0.427,0.69,0.012,0.275,0.597,0.86,0.182,0.445,0.767,0.03,0.352,0.615,0.937,0.2,0.522,0.785,0.107,0.37
456,456,0.105,0.427,0.69,0.012,0.275,0.597,0.86,0.182,0.445,0.767,0.03,0.352,0.615,0.937,0.2,0.522,0.785,0.107,0.37,0.692
457,457,0.105,0.427,0.69,0.012,0.275,0.597,0.86,0.182,0.445,0.767,0.03,0.352,0.615,0.937,0.2,0.522,0.785,0.107,0.37,0.692
458,458,0.427,0.69,0.012,0.275,0.597,0.86,0.182,0.445,0.767,0.03,0.352,0.615,0.937,0.2,0.522,0.785,0.107,0.37,0.692,0.955
459,459,0.427,0.69,0.012,0.275,0.597,0.86,0.182,0.445,0.767,0.03,0.352,0.615,0.937,0.2,0.522,0.785,0.107,0.37,0.692,0.955
460,460,0.69,0.012,0.275,0.597,0.86,0.182,0.445,0.767,0.03,0.352,0.615,0.937,0.2,0.522,0.785,0.107,0.37,0.692,0.955,0.277
461,461,0.69,0.012,0.275,0.597,0.86,0.182,0.445,0.767,0.03,0.352,0.615,0.937,0.2,0.522,0.785,0.107,0.37,0.692,0.955,0.277
462,462,0.012,0.275,0.597,0.86,0.182,0.445,0.767,0.03,0.352,0.615,0.937,0.2,0.522,0.785,0.107,0.37,0.692,0.955,0.277,0.54
463,463,0.012,0.275,0.597,0.86,0.182,0.445,0.767,0.03,0.352,0.615,0.937,0.2,0.522,0.785,0.107,0.37,0.692,0.955,0.277,0.54
464,464,0.275,0.597,0.86,0.182,0.445,0.767,0.03,0.352,0.615,0.937,0.2,0.522,0.785,0.107,0.37,0.692,0.955,0.277,0.54,0.862
465,465,0.275,0.597,0.86,0.182,0.445,0.767,0.03,0.352,0.615,0.937,0.2,0.522,0.785,0.107,0.37,0.692,0.955,0.277,0.54,0.862
466,466,0.597,0.86,0.182,0.445,0.767,0.03,0.352,0.615,0.937,0.2,0.522,0.785,0.107,0.37,0.692,0.955,0.277,0.54,0.862,0.125
467,467,0.597,0.86,0.182,0.445,0.767,0.03,0.352,0.615,0.937,0.2,0.522,0.785,0.107,0.37,0.692,0.955,0.277,0.54,0.862,0.125
468,468,0.86,0.182,0.445,0.767,0.03,0.352,0.615,0.937,0.2,0.522,0.785,0.107,0.37,0.692,0.955,0.277,0.54,0.862,0.125,0.447
469,469,0.86,0.182,0.445,0.767,0.03,0.352,0.615,0.937,0.2,0.522,0.785,0.107,0.37,0.692,0.955,0.277,0.54,0.862,0.125,0.447
470,470,0.182,0.445,0.767,0.03,0.352,0.615,0.937,0.2,0.522,0.785,0.107,0.37,0.692,0.955,0.277,0.54,0.862,0.125,0.447,0.71
471,471,0.182,0.445,0.767,0.03,0.352,0.615,0.937,0.2,0.522,0.785,0.107,0.37,0.692,0.955,0.277,0.54,0.862,0.125,0.447,0.71
472,472,0.445,0.767,0.03,0.352,0.615,0.937,0.2,0.522,0.785,0.107,0.37,0.692,0.955,0.277,0.54,0.862,0.125,0.447,0.71,0.032
473,473,0.445,0.767,0.03,0.352,0.615,0.937,0.2,0.522,0.785,0.107,0.37,0.692,0.955,0.277,0.54,0.862,0.125,0.447,0.71,0.032
474,474,0.767,0.03,0.352,0.615,0.937,0.2,0.522,0.785,0.107,0.37,0.692,0.955,0.277,0.54,0.862,0.125,0.447,0.71,0.032,0.295
475,475,0.767,0.03,0.352,0.615,0.937,0.2,0.522,0.785,0.107,0.37,0.692,0.955,0.277,0.54,0.862,0.125,0.447,0.71,0.032,0.295
476,476,0.03,0.352,0.615,0.937,0.2,0.522,0.785,0.107,0.37,0.692,0.955,0.277,0.54,0.862,0.125,0.447,0.71,0.032,0.295,0.617
477,477,0.03,0.352,0.615,0.937,0.2,0.522,0.785,0.107,0.37,0.692,0.955,0.277,0.54,0.862,0.125,0.447,0.71,0.032,0.295,0.617
478,478,0.352,0.615,0.937,0.2,0.522,0.785,0.107,0.37,0.692,0.955,0.277,0.54,0.862,0.125,0.447,0.71,0.032,0.295,0.617,0.88
479,479,0.352,0.615,0.937,0.2,0.522,0.785,0.107,0.37,0.692,0.955,0.277,0.54,0.862,0.125,0.447,0.71,0.032,0.295,0.617,0.88
480,480,0.615,0.937,0.2,0.522,0.785,0.107,0.37,0.692,0.955,0.277,0.54,0.862,0.125,0.447,0.71,0.032,0.295,0.617,0.88,0.202
481,481,0.615,0.937,0.2,0.522,0.785,0.107,0.37,0.692,0.955,0.277,0.54,0.862,0.125,0.447,0.71,0.032,0.295,0.617,0.88,0.202
482,482,0.937,0.2,0.522,0.785,0.107,0.37,0.692,0.955,0.277,0.54,0.862,0.125,0.447,0.71,0.032,0.295,0.617,0.88,0.202,0.465
483,483,0.937,0.2,0.522,0.785,0.107,0.37,0.692,0.955,0.277,0.54,0.862,0.125,0.447,0.71,0.032,0.295,0.617,0.88,0.202,0.465
484,484,0.2,0.522,0.785,0.107,0.37,0.692,0.955,0.277,0.54,0.862,0.125,0.447,0.71,0.032,0.295,0.617,0.88,0.202,0.465,0.787
485,485,0.2,0.522,0.785,0.107,0.37,0.692,0.955,0.277,0.54,0.862,0.125,0.447,0.71,0.032,0.295,0.617,0.88,0.202,0.465,0.787
486,486,0.522,0.785,0.107,0.37,0.692,0.955,0.277,0.54,0.862,0.125,0.447,0.71,0.032,0.295,0.617,0.88,0.202,0.465,0.787,0.05
487,487,0.522,0.785,0.107,0.37,0.692,0.955,0.277,0.54,0.862,0.125,0.447,0.71,0.032,0.295,0.617,0.88,0.202,0.465,0.787,0.05
488,488,0.785,0.107,0.37,0.692,0.955,0.277,0.54,0.862,0.125,0.447,0.71,0.032,0.295,0.617,0.88,0.202,0.465,0.787,0.05,0.372
489,489,0.785,0.107,0.37,0.692,0.955,0.277,0.54,0.862,0.125,0.447,0.71,0.032,0.295,0.617,0.88,0.202,0.465,0.787,0.05,0.372
490,490,0.107,0.37,0.692,0.955,0.277,0.54,0.862,0.125,0.447,0.71,0.032,0.295,0.617,0.88,0.202,0.465,0.787,0.05,0.372,0.635
491,491,0.107,0.37,0.692,0.955,0.277,0.54,0.862,0.125,0.447,0.71,0.032,0.295,0.617,0.88,0.202,0.465,0.787,0.05,0.372,0.635
492,492,0.37,0.692,0.955,0.277,0.54,0.862,0.125,0.447,0.71,0.032,0.295,0.617,0.88,0.202,0.465,0.787,0.05,0.372,0.635,0.957
493,493,0.37,0.692,0.955,0.277,0.54,0.862,0.125,0.447,0.71,0.032,0.295,0.617,0.88,0.202,0.465,0.787,0.05,0.372,0.635,0.957
494,494,0.692,0.955,0.277,0.54,0.862,0.125,0.447,0.71,0.032,0.295,0.617,0.88,0.202,0.465,0.787,0.05,0.372,0.635,0.957,0.22
495,495,0.692,0.955,0.277,0.54,0.862,0.125,0.447,0.71,0.032,0.295,0.617,0.88,0.202,0.465,0.787,0.05,0.372,0.635,0.957,0.22
496,496,0.955,0.277,0.54,0.862,0.125,0.447,0.71,0.032,0.295,0.617,0.88,0.202,0.465,0.787,0.05,0.372,0.635,0.957,0.22,0.542
497,497,0.955,0.277,0.54,0.862,0.125,0.447,0.71,0.032,0.295,0.617,0.88,0.202,0.465,0.787,0.05,0.372,0.635,0.957,0.22,0.542
498,498,0.277,0.54,0.862,0.125,0.447,0.71,0.032,0.295,0.617,0.88,0.202,0.465,0.787,0.05,0.372,0.635,0.957,0.22,0.542,0.805
499,499,0.277,0.54,0.862,0.125,0.447,0.71,0.032,0.295,0.617,0.88,0.202,0.465,0.787,0.05,0.372,0.635,0.957,0.22,0.542,0.805
500,500,0.54,0.862,0.125,0.447,0.71,0.032,0.295,0.617,0.88,0.202,0.465,0.787,0.05,0.372,0.635,0.957,0.22,0.542,0.805,0.127
501,501,0.54,0.862,0.125,0.447,0.71,0.032,0.295,0.617,0.88,0.202,0.465,0.787,0.05,0.372,0.635,0.957,0.22,0.542,0.805,0.127
502,502,0.862,0.125,0.447,0.71,0.032,0.295,0.617,0.88,0.202,0.465,0.787,0.05,0.372,0.635,0.957,0.22,0.542,0.805,0.127,0.39
503,503,0.862,0.125,0.447,0.71,0.032,0.295,0.617,0.88,0.202,0.465,0.787,0.05,0.372,0.635,0.957,0.22,0.542,0.805,0.127,0.39
504,504,0.125,0.447,0.71,0.032,0.295,0.617,0.88,0.202,0.465,0.787,0.05,0.372,0.635,0.957,0.22,0.542,0.805,0.127,0.39,0.712
505,505,0.125,0.447,0.71,0.032,0.295,0.617,0.88,0.202,0.465,0.787,0.05,0.372,0.635,0.957,0.22,0.542,0.805,0.127,0.39,0.712
506,506,0.447,0.71,0.032,0.295,0.617,0.88,0.202,0.465,0.787,0.05,0.372,0.635,0.957,0.22,0.542,0.805,0.127,0.39,0.712,0.975
507,507,0.447,0.71,0.032,0.295,0.617,0.88,0.202,0.465,0.787,0.05,0.372,0.635,0.957,0.22,0.542,0.805,0.127,0.39,0.712,0.975
508,508,0.71,0.032,0.295,0.617,0.88,0.202,0.465,0.787,0.05,0.372,0.635,0.957,0.22,0.542,0.805,0.127,0.39,0.712,0.975,0.297
509,509,0.71,0.032,0.295,0.617,0.88,0.202,0.465,0.787,0.05,0.372,0.635,0.957,0.22,0.542,0.805,0.127,0.39,0.712,0.975,0.297
510,510,0.032,0.295,0.617,0.88,0.202,0.465,0.787,0.05,0.372,0.635,0.957,0.22,0.542,0.805,0.127,0.39,0.712,0.975,0.297,0.56
511,511,0.032,0.295,0.617,0.88,0.202,0.465,0.787,0.05,0.372,0.635,0.957,0.22,0.542,0.805,0.127,0.39,0.712,0.975,0.297,0.56
512,512,0.295,0.617,0.88,0.202,0.465,0.787,0.05,0.372,0.635,0.957,0.22,0.542,0.805,0.127,0.39,0.712,0.975,0.297,0.56,0.882
513,513,0.295,0.617,0.88,0.202,0.465,0.787,0.05,0.372,0.635,0.957,0.22,0.542,0.805,0.127,0.39,0.712,0.975,0.297,0.56,0.882
514,514,0.617,0.88,0.202,0.465,0.787,0.05,0.372,0.635,0.957,0.22,0.542,0.805,0.127,0.39,0.712,0.975,0.297,0.56,0.882,0.145
515,515,0.617,0.88,0.202,0.465,0.787,0.05,0.372,0.635,0.957,0.22,0.542,0.805,0.127,0.39,0.712,0.975,0.297,0.56,0.882,0.145
516,516,0.88,0.202,0.465,0.787,0.05,0.372,0.635,0.957,0.22,0.542,0.805,0.127,0.39,0.712,0.975,0.297,0.56,0.882,0.145,0.467
517,517,0.88,0.202,0.465,0.787,0.05,0.372,0.635,0.957,0.22,0.542,0.805,0.127,0.39,0.712,0.975,0.297,0.56,0.882,0.145,0.467
518,518,0.202,0.465,0.787,0.05,0.372,0.635,0.957,0.22,0.542,0.805,0.127,0.39,0.712,0.975,0.297,0.56,0.882,0.145,0.467,0.73
519,519,0.202,0.465,0.787,0.05,0.372,0.635,0.957,0.22,0.542,0.805,0.127,0.39,0.712,0.975,0.297,0.56,0.882,0.145,0.467,0.73
520,520,0.465,0.787,0.05,0.372,0.635,0.957,0.22,0.542,0.805,0.127,0.39,0.712,0.975,0.297,0.56,0.882,0.145,0.467,0.73,0.052
521,521,0.465,0.787,0.05,0.372,0.635,0.957,0.22,0.542,0.805,0.127,0.39,0.712,0.975,0.297,0.56,0.882,0.145,0.467,0.73,0.052
522,522,0.787,0.05,0.372,0.635,0.957,0.22,0.542,0.805,0.127,0.39,0.712,0.975,0.297,0.56,0.882,0.145,0.467,0.73,0.052,0.315
523,523,0.787,0.05,0.372,0.635,0.957,0.22,0.542,0.805,0.127,0.39,0.712,0.975,0.297,0.56,0.882,0.145,0.467,0.73,0.052,0.315
524,524,0.05,0.372,0.635,0.957,0.22,0.542,0.805,0.127,0.39,0.712,0.975,0.297,0.56,0.882,0.145,0.467,0.73,0.052,0.315,0.637
525,525,0.05,0.372,0.635,0.957,0.22,0.542,0.805,0.127,0.39,0.712,0.975,0.297,0.56,0.882,0.145,0.467,0.73,0.052,0.315,0.637
526,526,0.372,0.635,0.957,0.22,0.542,0.805,0.127,0.39,0.712,0.975,0.297,0.56,0.882,0.145,0.467,0.73,0.052,0.315,0.637,0.9
527,527,0.372,0.635,0.957,0.22,0.542,0.805,0.127,0.39,0.712,0.975,0.297,0.56,0.882,0.145,0.467,0.73,0.052,0.315,0.637,0.9
528,528,0.635,0.957,0.22,0.542,0.805,0.127,0.39,0.712,0.975,0.297,0.56,0.882,0.145,0.467,0.73,0.052,0.315,0.637,0.9,0.222
529,529,0.635,0.957,0.22,0.542,0.805,0.127,0.39,0.712,0.975,0.297,0.56,0.882,0.145,0.467,0.73,0.052,0.315,0.637,0.9,0.222
530,530,0.957,0.22,0.542,0.805,0.127,0.39,0.712,0.975,0.297,0.56,0.882,0.145,0.467,0.73,0.052,0.315,0.637,0.9,0.222,0.485
531,531,0.957,0.22,0.542,0.805,0.127,0.39,0.712,0.975,0.297,0.56,0.882,0.145,0.467,0.73,0.052,0.315,0.637,0.9,0.222,0.485
532,532,0.22,0.542,0.805,0.127,0.39,0.712,0.975,0.297,0.56,0.882,0.145,0.467,0.73,0.052,0.315,0.637,0.9,0.222,0.485,0.807
533,533,0.22,0.542,0.805,0.127,0.39,0.712,0.975,0.297,0.56,0.882,0.145,0.467,0.73,0.052,0.315,0.637,0.9,0.222,0.485,0.807
534,534,0.542,0.805,0.127,0.39,0.712,0.975,0.297,0.56,0.882,0.145,0.467,0.73,0.052,0.315,0.637,0.9,0.222,0.485,0.807,0.07
535,535,0.542,0.805,0.127,0.39,0.712,0.975,0.297,0.56,0.882,0.145,0.467,0.73,0.052,0.315,0.637,0.9,0.222,0.485,0.807,0.07
536,536,0.805,0.127,0.39,0.712,0.975,0.297,0.56,0.882,0.145,0.467,0.73,0.052,0.315,0.637,0.9,0.222,0.485,0.807,0.07,0.392
537,537,0.805,0.127,0.39,0.712,0.975,0.297,0.56,0.882,0.145,0.467,0.73,0.052,0.315,0.637,0.9,0.222,0.485,0.807,0.07,0.392
538,538,0.127,0.39,0.712,0.975,0.297,0.56,0.882,0.145,0.467,0.73,0.052,0.315,0.637,0.9,0.222,0.485,0.807,0.07,0.392,0.655
539,539,0.127,0.39,0.712,0.975,0.297,0.56,0.882,0.145,0.467,0.73,0.052,0.315,0.637,0.9,0.222,0.485,0.807,0.07,0.392,0.655
540,540,0.39,0.712,0.975,0.297,0.56,0.882,0.145,0.467,0.73,0.052,0.315,0.637,0.9,0.222,0.485,0.807,0.07,0.392,0.655,0.977
541,541,0.39,0.712,0.975,0.297,0.56,0.882,0.145,0.467,0.73,0.052,0.315,0.637,0.9,0.222,0.485,0.807,0.07,0.392,0.655,0.977
542,542,0.712,0.975,0.297,0.56,0.882,0.145,0.467,0.73,0.052,0.315,0.637,0.9,0.222,0.485,0.807,0.07,0.392,0.655,0.977,0.24
543,543,0.712,0.975,0.297,0.56,0.882,0.145,0.467,0.73,0.052,0.315,0.637,0.9,0.222,0.485,0.807,0.07,0.392,0.655,0.977,0.24
544,544,0.975,0.297,0.56,0.882,0.145,0.467,0.73,0.052,0.315,0.637,0.9,0.222,0.485,0.807,0.07,0.392,0.655,0.977,0.24,0.562
545,545,0.975,0.297,0.56,0.882,0.145,0.467,0.73,0.052,0.315,0.637,0.9,0.222,0.485,0.807,0.07,0.392,0.655,0.977,0.24,0.562
546,546,0.297,0.56,0.882,0.145,0.467,0.73,0.052,0.315,0.637,0.9,0.222,0.485,0.807,0.07,0.392,0.655,0.977,0.24,0.562,0.825
547,547,0.297,0.56,0.882,0.145,0.467,0.73,0.052,0.315,0.637,0.9,0.222,0.485,0.807,0.07,0.392,0.655,0.977,0.24,0.562,0.825
548,548,0.56,0.882,0.145,0.467,0.73,0.052,0.315,0.637,0.9,0.222,0.485,0.807,0.07,0.392,0.655,0.977,0.24,0.562,0.825,0.147
549,549,0.56,0.882,0.145,0.467,0.73,0.052,0.315,0.637,0.9,0.222,0.485,0.807,0.07,0.392,0.655,0.977,0.24,0.562,0.825,0.147
550,550,0.882,0.145,0.467,0.73,0.052,0.315,0.637,0.9,0.222,0.485,0.807,0.07,0.392,0.655,0.977,0.24,0.562,0.825,0.147,0.41
551,551,0.882,0.145,0.467,0.73,0.052,0.315,0.637,0.9,0.222,0.485,0.807,0.07,0.392,0.655,0.977,0.24,0.562,0.825,0.147,0.41
552,552,0.145,0.467,0.73,0.052,0.315,0.637,0.9,0.222,0.485,0.807,0.07,0.392,0.655,0.977,0.24,0.562,0.825,0.147,0.41,0.732
553,553,0.145,0.467,0.73,0.052,0.315,0.637,0.9,0.222,0.485,0.807,0.07,0.392,0.655,0.977,0.24,0.562,0.825,0.147,0.41,0.732
554,554,0.467,0.73,0.052,0.315,0.637,0.9,0.222,0.485,0.807,0.07,0.392,0.655,0.977,0.24,0.562,0.825,0.147,0.41,0.732,0.995
555,555,0.467,0.73,0.052,0.315,0.637,0.9,0.222,0.485,0.807,0.07,0.392,0.655,0.977,0.24,0.562,0.825,0.147,0.41,0.732,0.995
556,556,0.73,0.052,0.315,0.637,0.9,0.222,0.485,0.807,0.07,0.392,0.655,0.977,0.24,0.562,0.825,0.147,0.41,0.732,0.995,0.317
557,557,0.73,0.052,0.315,0.637,0.9,0.222,0.485,0.807,0.07,0.392,0.655,0.977,0.24,0.562,0.825,0.147,0.41,0.732,0.995,0.317
558,558,0.052,0.315,0.637,0.9,0.222,0.485,0.807,0.07,0.392,0.655,0.977,0.24,0.562,0.825,0.147,0.41,0.732,0.995,0.317,0.58
559,559,0.052,0.315,0.637,0.9,0.222,0.485,0.807,0.07,0.392,0.655,0.977,0.24,0.562,0.825,0.147,0.41,0.732,0.995,0.317,0.58
560,560,0.315,0.637,0.9,0.222,0.485,0.807,0.07,0.392,0.655,0.977,0.24,0.562,0.825,0.147,0.41,0.732,0.995,0.317,0.58,0.902
561,561,0.315,0.637,0.9,0.222,0.485,0.807,0.07,0.392,0.655,0.977,0.24,0.562,0.825,0.147,0.41,0.732,0.995,0.317,0.58,0.902
562,562,0.637,0.9,0.222,0.485,0.807,0.07,0.392,0.655,0.977,0.24,0.562,0.825,0.147,0.41,0.732,0.995,0.317,0.58,0.902,0.165
563,563,0.637,0.9,0.222,0.485,0.807,0.07,0.392,0.655,0.977,0.24,0.562,0.825,0.147,0.41,0.732,0.995,0.317,0.58,0.902,0.165
564,564,0.9,0.222,0.485,0.807,0.07,0.392,0.655,0.977,0.24,0.562,0.825,0.147,0.41,0.732,0.995,0.317,0.58,0.902,0.165,0.487
565,565,0.9,0.222,0.485,0.807,0.07,0.392,0.655,0.977,0.24,0.562,0.825,0.147,0.41,0.732,0.995,0.317,0.58,0.902,0.165,0.487
566,566,0.222,0.485,0.807,0.07,0.392,0.655,0.977,0.24,0.562,0.825,0.147,0.41,0.732,0.995,0.317,0.58,0.902,0.165,0.487,0.75
567,567,0.222,0.485,0.807,0.07,0.392,0.655,0.977,0.24,0.562,0.825,0.147,0.41,0.732,0.995,0.317,0.58,0.902,0.165,0.487,0.75
568,568,0.485,0.807,0.07,0.392,0.655,0.977,0.24,0.562,0.825,0.147,0.41,0.732,0.995,0.317,0.58,0.902,0.165,0.487,0.75,0.072
569,569,0.485,0.807,0.07,0.392,0.655,0.977,0.24,0.562,0.825,0.147,0.41,0.732,0.995,0.317,0.58,0.902,0.165,0.487,0.75,0.072
570,570,0.807,0.07,0.392,0.655,0.977,0.24,0.562,0.825,0.147,0.41,0.732,0.995,0.317,0.58,0.902,0.165,0.487,0.75,0.072,0.335
571,571,0.807,0.07,0.392,0.655,0.977,0.24,0.562,0.825,0.147,0.41,0.732,0.995,0.317,0.58,0.902,0.165,0.487,0.75,0.072,0.335
572,572,0.07,0.392,0.655,0.977,0.24,0.562,0.825,0.147,0.41,0.732,0.995,0.317,0.58,0.902,0.165,0.487,0.75,0.072,0.335,0.657
573,573,0.07,0.392,0.655,0.977,0.24,0.562,0.825,0.147,0.41,0.732,0.995,0.317,0.58,0.902,0.165,0.487,0.75,0.072,0.335,0.657
574,574,0.392,0.655,0.977,0.24,0.562,0.825,0.147,0.41,0.732,0.995,0.317,0.58,0.902,0.165,0.487,0.75,0.072,0.335,0.657,0.92
575,575,0.392,0.655,0.977,0.24,0.562,0.825,0.147,0.41,0.732,0.995,0.317,0.58,0.902,0.165,0.487,0.75,0.072,0.335,0.657,0.92
576,576,0.655,0.977,0.24,0.562,0.825,0.147,0.41,0.732,0.995,0.317,0.58,0.902,0.165,0.487,0.75,0.072,0.335,0.657,0.92,0.242
577,577,0.655,0.977,0.24,0.562,0.825,0.147,0.41,0.732,0.995,0.317,0.58,0.902,0.165,0.487,0.75,0.072,0.335,0.657,0.92,0.242
578,578,0.977,0.24,0.562,0.825,0.147,0.41,0.732,0.995,0.317,0.58,0.902,0.165,0.487,0.75,0.072,0.335,0.657,0.92,0.242,0.505
579,579,0.977,0.24,0.562,0.825,0.147,0.41,0.732,0.995,0.317,0.58,0.902,0.165,0.487,0.75,0.072,0.335,0.657,0.92,0.242,0.505
580,580,0.24,0.562,0.825,0.147,0.41,0.732,0.995,0.317,0.58,0.902,0.165,0.487,0.75,0.072,0.335,0.657,0.92,0.242,0.505,0.827
581,581,0.24,0.562,0.825,0.147,0.41,0.732,0.995,0.317,0.58,0.902,0.165,0.487,0.75,0.072,0.335,0.657,0.92,0.242,0.505,0.827
582,582,0.562,0.825,0.147,0.41,0.732,0.995,0.317,0.58,0.902,0.165,0.487,0.75,0.072,0.335,0.657,0.92,0.242,0.505,0.827,0.09
583,583,0.562,0.825,0.147,0.41,0.732,0.995,0.317,0.58,0.902,0.165,0.487,0.75,0.072,0.335,0.657,0.92,0.242,0.505,0.827,0.09
584,584,0.825,0.147,0.41,0.732,0.995,0.317,0.58,0.902,0.165,0.487,0.75,0.072,0.335,0.657,0.92,0.242,0.505,0.827,0.09,0.412
585,585,0.825,0.147,0.41,0.732,0.995,0.317,0.58,0.902,0.165,0.487,0.75,0.072,0.335,0.657,0.92,0.242,0.505,0.827,0.09,0.412
586,586,0.147,0.41,0.732,0.995,0.317,0.58,0.902,0.165,0.487,0.75,0.072,0.335,0.657,0.92,0.242,0.505,0.827,0.09,0.412,0.675
587,587,0.147,0.41,0.732,0.995,0.317,0.58,0.902,0.165,0.487,0.75,0.072,0.335,0.657,0.92,0.242,0.505,0.827,0.09,0.412,0.675
588,588,0.41,0.732,0.995,0.317,0.58,0.902,0.165,0.487,0.75,0.072,0.335,0.657,0.92,0.242,0.505,0.827,0.09,0.412,0.675,0.997
589,589,0.41,0.732,0.995,0.317,0.58,0.902,0.165,0.487,0.75,0.072,0.335,0.657,0.92,0.242,0.505,0.827,0.09,0.412,0.675,0.997
590,590,0.732,0.995,0.317,0.58,0.902,0.165,0.487,0.75,0.072,0.335,0.657,0.92,0.242,0.505,0.827,0.09,0.412,0.675,0.997,0.26
591,591,0.732,0.995,0.317,0.58,0.902,0.165,0.487,0.75,0.072,0.335,0.657,0.92,0.242,0.505,0.827,0.09,0.412,0.675,0.997,0.26
592,592,0.995,0.317,0.58,0.902,0.165,0.487,0.75,0.072,0.335,0.657,0.92,0.242,0.505,0.827,0.09,0.412,0.675,0.997,0.26,0.582
593,593,0.995,0.317,0.58,0.902,0.165,0.487,0.75,0.072,0.335,0.657,0.92,0.242,0.505,0.827,0.09,0.412,0.675,0.997,0.26,0.582
594,594,0.317,0.58,0.902,0.165,0.487,0.75,0.072,0.335,0.657,0.92,0.242,0.505,0.827,0.09,0.412,0.675,0.997,0.26,0.582,0.845
595,595,0.317,0.58,0.902,0.165,0.487,0.75,0.072,0.335,0.657,0.92,0.242,0.505,0.827,0.09,0.412,0.675,0.997,0.26,0.582,0.845
596,596,0.58,0.902,0.165,0.487,0.75,0.072,0.335,0.657,0.92,0.242,0.505,0.827,0.09,0.412,0.675,0.997,0.26,0.582,0.845,0.167
597,597,0.58,0.902,0.165,0.487,0.75,0.072,0.335,0.657,0.92,0.242,0.505,0.827,0.09,0.412,0.675,0.997,0.26,0.582,0.845,0.167
598,598,0.902,0.165,0.487,0.75,0.072,0.335,0.657,0.92,0.242,0.505,0.827,0.09,0.412,0.675,0.997,0.26,0.582,0.845,0.167,0.43
599,599,0.902,0.165,0.487,0.75,0.072,0.335,0.657,0.92,0.242,0.505,0.827,0.09,0.412,0.675,0.997,0.26,0.582,0.845,0.167,0.43
600,600,0.165,0.487,0.75,0.072,0.335,0.657,0.92,0.242,0.505,0.827,0.09,0.412,0.675,0.997,0.26,0.582,0.845,0.167,0.43,0.752
601,601,0.165,0.487,0.75,0.072,0.335,0.657,0.92,0.242,0.505,0.827,0.09,0.412,0.675,0.997,0.26,0.582,0.845,0.167,0.43,0.752
602,602,0.487,0.75,0.072,0.335,0.657,0.92,0.242,0.505,0.827,0.09,0.412,0.675,0.997,0.26,0.582,0.845,0.167,0.43,0.752,0.015
603,603,0.487,0.75,0.072,0.335,0.657,0.92,0.242,0.505,0.827,0.09,0.412,0.675,0.997,0.26,0.582,0.845,0.167,0.43,0.752,0.015
604,604,0.75,0.072,0.335,0.657,0.92,0.242,0.505,0.827,0.09,0.412,0.675,0.997,0.26,0.582,0.845,0.167,0.43,0.752,0.015,0.337
605,605,0.75,0.072,0.335,0.657,0.92,0.242,0.505,0.827,0.09,0.412,0.675,0.997,0.26,0.582,0.845,0.167,0.43,0.752,0.015,0.337
606,606,0.072,0.335,0.657,0.92,0.242,0.505,0.827,0.09,0.412,0.675,0.997,0.26,0.582,0.845,0.167,0.43,0.752,0.015,0.337,0.6
607,607,0.072,0.335,0.657,0.92,0.242,0.505,0.827,0.09,0.412,0.675,0.997,0.26,0.582,0.845,0.167,0.43,0.752,0.015,0.337,0.6
608,608,0.335,0.657,0.92,0.242,0.505,0.827,0.09,0.412,0.675,0.997,0.26,0.582,0.845,0.167,0.43,0.752,0.015,0.337,0.6,0.922
609,609,0.335,0.657,0.92,0.242,0.505,0.827,0.09,0.412,0.675,0.997,0.26,0.582,0.845,0.167,0.43,0.752,0.015,0.337,0.6,0.922
610,610,0.657,0.92,0.242,0.505,0.827,0.09,0.412,0.675,0.997,0.26,0.582,0.845,0.167,0.43,0.752,0.015,0.337,0.6,0.922,0.185
611,611,0.657,0.92,0.242,0.505,0.827,0.09,0.412,0.675,0.997,0.26,0.582,0.845,0.167,0.43,0.752,0.015,0.337,0.6,0.922,0.185
612,612,0.92,0.242,0.505,0.827,0.09,0.412,0.675,0.997,0.26,0.582,0.845,0.167,0.43,0.752,0.015,0.337,0.6,0.922,0.185,0.507
613,613,0.92,0.242,0.505,0.827,0.09,0.412,0.675,0.997,0.26,0.582,0.845,0.167,0.43,0.752,0.015,0.337,0.6,0.922,0.185,0.507
614,614,0.242,0.505,0.827,0.09,0.412,0.675,0.997,0.26,0.582,0.845,0.167,0.43,0.752,0.015,0.337,0.6,0.922,0.185,0.507,0.77
615,615,0.242,0.505,0.827,0.09,0.412,0.675,0.997,0.26,0.582,0.845,0.167,0.43,0.752,0.015,0.337,0.6,0.922,0.185,0.507,0.77
616,616,0.505,0.827,0.09,0.412,0.675,0.997,0.26,0.582,0.845,0.167,0.43,0.752,0.015,0.337,0.6,0.922,0.185,0.507,0.77,0.092
617,617,0.505,0.827,0.09,0.412,0.675,0.997,0.26,0.582,0.845,0.167,0.43,0.752,0.015,0.337,0.6,0.922,0.185,0.507,0.77,0.092
618,618,0.827,0.09,0.412,0.675,0.997,0.26,0.582,0.845,0.167,0.43,0.752,0.015,0.337,0.6,0.922,0.185,0.507,0.77,0.092,0.355
619,619,0.827,0.09,0.412,0.675,0.997,0.26,0.582,0.845,0.167,0.43,0.752,0.015,0.337,0.6,0.922,0.185,0.507,0.77,0.092,0.355
620,620,0.09,0.412,0.675,0.997,0.26,0.582,0.845,0.167,0.43,0.752,0.015,0.337,0.6,0.922,0.185,0.507,0.77,0.092,0.355,0.677
621,621,0.09,0.412,0.675,0.997,0.26,0.582,0.845,0.167,0.43,0.752,0.015,0.337,0.6,0.922,0.185,0.507,0.77,0.092,0.355,0.677
622,622,0.412,0.675,0.997,0.26,0.582,0.845,0.167,0.43,0.752,0.015,0.337,0.6,0.922,0.185,0.507,0.77,0.092,0.355,0.677,0.94
623,623,0.412,0.675,0.997,0.26,0.582,0.845,0.167,0.43,0.752,0.015,0.337,0.6,0.922,0.185,0.507,0.77,0.092,0.355,0.677,0.94
624,624,0.675,0.997,0.26,0.582,0.845,0.167,0.43,0.752,0.015,0.337,0.6,0.922,0.185,0.507,0.77,0.092,0.355,0.677,0.94,0.262
625,625,0.675,0.997,0.26,0.582,0.845,0.167,0.43,0.752,0.015,0.337,0.6,0.922,0.185,0.507,0.77,0.092,0.355,0.677,0.94,0.262
626,626,0.997,0.26,0.582,0.845,0.167,0.43,0.752,0.015,0.337,0.6,0.922,0.185,0.507,0.77,0.092,0.355,0.677,0.94,0.262,0.525
627,627,0.997,0.26,0.582,0.845,0.167,0.43,0.752,0.015,0.337,0.6,0.922,0.185,0.507,0.77,0.092,0.355,0.677,0.94,0.262,0.525
628,628,0.26,0.582,0.845,0.167,0.43,0.752,0.015,0.337,0.6,0.922,0.185,0.507,0.77,0.092,0.355,0.677,0.94,0.262,0.525,0.847
629,629,0.26,0.582,0.845,0.167,0.43,0.752,0.015,0.337,0.6,0.922,0.185,0.507,0.77,0.092,0.355,0.677,0.94,0.262,0.525,0.847
630,630,0.582,0.845,0.167,0.43,0.752,0.015,0.337,0.6,0.922,0.185,0.507,0.77,0.092,0.355,0.677,0.94,0.262,0.525,0.847,0.11
631,631,0.582,0.845,0.167,0.43,0.752,0.015,0.337,0.6,0.922,0.185,0.507,0.77,0.092,0.355,0.677,0.94,0.262,0.525,0.847,0.11
632,632,0.845,0.167,0.43,0.752,0.015,0.337,0.6,0.922,0.185,0.507,0.77,0.092,0.355,0.677,0.94,0.262,0.525,0.847,0.11,0.432
633,633,0.845,0.167,0.43,0.752,0.015,0.337,0.6,0.922,0.185,0.507,0.77,0.092,0.355,0.677,0.94,0.262,0.525,0.847,0.11,0.432
634,634,0.167,0.43,0.752,0.015,0.337,0.6,0.922,0.185,0.507,0.77,0.092,0.355,0.677,0.94,0.262,0.525,0.847,0.11,0.432,0.695
635,635,0.167,0.43,0.752,0.015,0.337,0.6,0.922,0.185,0.507,0.77,0.092,0.355,0.677,0.94,0.262,0.525,0.847,0.11,0.432,0.695
636,636,0.43,0.752,0.015,0.337,0.6,0.922,0.185,0.507,0.77,0.092,0.355,0.677,0.94,0.262,0.525,0.847,0.11,0.432,0.695,0.017
637,637,0.43,0.752,0.015,0.337,0.6,0.922,0.185,0.507,0.77,0.092,0.355,0.677,0.94,0.262,0.525,0.847,0.11,0.432,0.695,0.017
638,638,0.752,0.015,0.337,0.6,0.922,0.185,0.507,0.77,0.092,0.355,0.677,0.94,0.262,0.525,0.847,0.11,0.432,0.695,0.017,0.28
639,639,0.752,0.015,0.337,0.6,0.922,0.185,0.507,0.77,0.092,0.355,0.677,0.94,0.262,0.525,0.847,0.11,0.432,0.695,0.017,0.28
640,640,0.015,0.337,0.6,0.922,0.185,0.507,0.77,0.092,0.355,0.677,0.94,0.262,0.525,0.847,0.11,0.432,0.695,0.017,0.28,0.602
641,641,0.015,0.337,0.6,0.922,0.185,0.507,0.77,0.092,0.355,0.677,0.94,0.262,0.525,0.847,0.11,0.432,0.695,0.017,0.28,0.602
642,642,0.337,0.6,0.922,0.185,0.507,0.77,0.092,0.355,0.677,0.94,0.262,0.525,0.847,0.11,0.432,0.695,0.017,0.28,0.602,0.865
643,643,0.337,0.6,0.922,0.185,0.507,0.77,0.092,0.355,0.677,0.94,0.262,0.525,0.847,0.11,0.432,0.695,0.017,0.28,0.602,0.865
644,644,0.6,0.922,0.185,0.507,0.77,0.092,0.355,0.677,0.94,0.262,0.525,0.847,0.11,0.432,0.695,0.017,0.28,0.602,0.865,0.187
645,645,0.6,0.922,0.185,0.507,0.77,0.092,0.355,0.677,0.94,0.262,0.525,0.847,0.11,0.432,0.695,0.017,0.28,0.602,0.865,0.187
646,646,0.922,0.185,0.507,0.77,0.092,0.355,0.677,0.94,0.262,0.525,0.847,0.11,0.432,0.695,0.017,0.28,0.602,0.865,0.187,0.45
647,647,0.922,0.185,0.507,0.77,0.092,0.355,0.677,0.94,0.262,0.525,0.847,0.11,0.432,0.695,0.017,0.28,0.602,0.865,0.187,0.45
648,648,0.185,0.507,0.77,0.092,0.355,0.677,0.94,0.262,0.525,0.847,0.11,0.432,0.695,0.017,0.28,0.602,0.865,0.187,0.45,0.772
649,649,0.185,0.507,0.77,0.092,0.355,0.677,0.94,0.262,0.525,0.847,0.11,0.432,0.695,0.017,0.28,0.602,0.865,0.187,0.45,0.772
650,650,0.507,0.77,0.092,0.355,0.677,0.94,0.262,0.525,0.847,0.11,0.432,0.695,0.017,0.28,0.602,0.865,0.187,0.45,0.772,0.035
651,651,0.507,0.77,0.092,0.355,0.677,0.94,0.262,0.525,0.847,0.11,0.432,0.695,0.017,0.28,0.602,0.865,0.187,0.45,0.772,0.035
652,652,0.77,0.092,0.355,0.677,0.94,0.262,0.525,0.847,0.11,0.432,0.695,0.017,0.28,0.602,0.865,0.187,0.45,0.772,0.035,0.357
653,653,0.77,0.092,0.355,0.677,0.94,0.262,0.525,0.847,0.11,0.432,0.695,0.017,0.28,0.602,0.865,0.187,0.45,0.772,0.035,0.357
654,654,0.092,0.355,0.677,0.94,0.262,0.525,0.847,0.11,0.432,0.695,0.017,0.28,0.602,0.865,0.187,0.45,0.772,0.035,0.357,0.62
655,655,0.092,0.355,0.677,0.94,0.262,0.525,0.847,0.11,0.432,0.695,0.017,0.28,0.602,0.865,0.187,0.45,0.772,0.035,0.357,0.62
656,656,0.355,0.677,0.94,0.262,0.525,0.847,0.11,0.432,0.695,0.017,0.28,0.602,0.865,0.187,0.45,0.772,0.035,0.357,0.62,0.942
657,657,0.355,0.677,0.94,0.262,0.525,0.847,0.11,0.432,0.695,0.017,0.28,0.602,0.865,0.187,0.45,0.772,0.035,0.357,0.62,0.942
658,658,0.677,0.94,0.262,0.525,0.847,0.11,0.432,0.695,0.017,0.28,0.602,0.865,0.187,0.45,0.772,0.035,0.357,0.62,0.942,0.205
659,659,0.677,0.94,0.262,0.525,0.847,0.11,0.432,0.695,0.017,0.28,0.602,0.865,0.187,0.45,0.772,0.035,0.357,0.62,0.942,0.205
660,660,0.94,0.262,0.525,0.847,0.11,0.432,0.695,0.017,0.28,0.602,0.865,0.187,0.45,0.772,0.035,0.357,0.62,0.942,0.205,0.527
661,661,0.94,0.262,0.525,0.847,0.11,0.432,0.695,0.017,0.28,0.602,0.865,0.187,0.45,0.772,0.035,0.357,0.62,0.942,0.205,0.527
662,662,0.262,0.525,0.847,0.11,0.432,0.695,0.017,0.28,0.602,0.865,0.187,0.45,0.772,0.035,0.357,0.62,0.942,0.205,0.527,0.79
663,663,0.262,0.525,0.847,0.11,0.432,0.695,0.017,0.28,0.602,0.865,0.187,0.45,0.772,0.035,0.357,0.62,0.942,0.205,0.527,0.79
664,664,0.525,0.847,0.11,0.432,0.695,0.017,0.28,0.602,0.865,0.187,0.45,0.772,0.035,0.357,0.62,0.942,0.205,0.527,0.79,0.112
665,665,0.525,0.847,0.11,0.432,0.695,0.017,0.28,0.602,0.865,0.187,0.45,0.772,0.035,0.357,0.62,0.942,0.205,0.527,0.79,0.112
666,666,0.847,0.11,0.432,0.695,0.017,0.28,0.602,0.865,0.187,0.45,0.772,0.035,0.357,0.62,0.942,0.205,0.527,0.79,0.112,0.375
667,667,0.847,0.11,0.432,0.695,0.017,0.28,0.602,0.865,0.187,0.45,0.772,0.035,0.357,0.62,0.942,0.205,0.527,0.79,0.112,0.375
668,668,0.11,0.432,0.695,0.017,0.28,0.602,0.865,0.187,0.45,0.772,0.035,0.357,0.62,0.942,0.205,0.527,0.79,0.112,0.375,0.697
669,669,0.11,0.432,0.695,0.017,0.28,0.602,0.865,0.187,0.45,0.772,0.035,0.357,0.62,0.942,0.205,0.527,0.79,0.112,0.375,0.697
670,670,0.432,0.695,0.017,0.28,0.602,0.865,0.187,0.45,0.772,0.035,0.357,0.62,0.942,0.205,0.527,0.79,0.112,0.375,0.697,0.96
671,671,0.432,0.695,0.017,0.28,0.602,0.865,0.187,0.45,0.772,0.035,0.357,0.62,0.942,0.205,0.527,0.79,0.112,0.375,0.697,0.96
672,672,0.695,0.017,0.28,0.602,0.865,0.187,0.45,0.772,0.035,0.357,0.62,0.942,0.205,0.527,0.79,0.112,0.375,0.697,0.96,0.282
673,673,0.695,0.017,0.28,0.602,0.865,0.187,0.45,0.772,0.035,0.357,0.62,0.942,0.205,0.527,0.79,0.112,0.375,0.697,0.96,0.282
674,674,0.017,0.28,0.602,0.865,0.187,0.45,0.772,0.035,0.357,0.62,0.942,0.205,0.527,0.79,0.112,0.375,0.697,0.96,0.282,0.545
675,675,0.017,0.28,0.602,0.865,0.187,0.45,0.772,0.035,0.357,0.62,0.942,0.205,0.527,0.79,0.112,0.375,0.697,0.96,0.282,0.545
676,676,0.28,0.602,0.865,0.187,0.45,0.772,0.035,0.357,0.62,0.942,0.205,0.527,0.79,0.112,0.375,0.697,0.96,0.282,0.545,0.867
677,677,0.28,0.602,0.865,0.187,0.45,0.772,0.035,0.357,0.62,0.942,0.205,0.527,0.79,0.112,0.375,0.697,0.96,0.282,0.545,0.867
678,678,0.602,0.865,0.187,0.45,0.772,0.035,0.357,0.62,0.942,0.205,0.527,0.79,0.112,0.375,0.697,0.96,0.282,0.545,0.867,0.13
679,679,0.602,0.865,0.187,0.45,0.772,0.035,0.357,0.62,0.942,0.205,0.527,0.79,0.112,0.375,0.697,0.96,0.282,0.545,0.867,0.13
680,680,0.865,0.187,0.45,0.772,0.035,0.357,0.62,0.942,0.205,0.527,0.79,0.112,0.375,0.697,0.96,0.282,0.545,0.867,0.13,0.452
681,681,0.865,0.187,0.45,0.772,0.035,0.357,0.62,0.942,0.205,0.527,0.79,0.112,0.375,0.697,0.96,0.282,0.545,0.867,0.13,0.452
682,682,0.187,0.45,0.772,0.035,0.357,0.62,0.942,0.205,0.527,0.79,0.112,0.375,0.697,0.96,0.282,0.545,0.867,0.13,0.452,0.715
683,683,0.187,0.45,0.772,0.035,0.357,0.62,0.942,0.205,0.527,0.79,0.112,0.375,0.697,0.96,0.282,0.545,0.867,0.13,0.452,0.715
684,684,0.45,0.772,0.035,0.357,0.62,0.942,0.205,0.527,0.79,0.112,0.375,0.697,0.96,0.282,0.545,0.867,0.13,0.452,0.715,0.037
685,685,0.45,0.772,0.035,0.357,0.62,0.942,0.205,0.527,0.79,0.112,0.375,0.697,0.96,0.282,0.545,0.867,0.13,0.452,0.715,0.037
686,686,0.772,0.035,0.357,0.62,0.942,0.205,0.527,0.79,0.112,0.375,0.697,0.96,0.282,0.545,0.867,0.13,0.452,0.715,0.037,0.3
687,687,0.772,0.035,0.357,0.62,0.942,0.205,0.527,0.79,0.112,0.375,0.697,0.96,0.282,0.545,0.867,0.13,0.452,0.715,0.037,0.3
688,688,0.035,0.357,0.62,0.942,0.205,0.527,0.79,0.112,0.375,0.697,0.96,0.282,0.545,0.867,0.13,0.452,0.715,0.037,0.3,0.622
689,689,0.035,0.357,0.62,0.942,0.205,0.527,0.79,0.112,0.375,0.697,0.96,0.282,0.545,0.867,0.13,0.452,0.715,0.037,0.3,0.622
690,690,0.357,0.62,0.942,0.205,0.527,0.79,0.112,0.375,0.697,0.96,0.282,0.545,0.867,0.13,0.452,0.715,0.037,0.3,0.622,0.885
691,691,0.357,0.62,0.942,0.205,0.527,0.79,0.112,0.375,0.697,0.96,0.282,0.545,0.867,0.13,0.452,0.715,0.037,0.3,0.622,0.885
692,692,0.62,0.942,0.205,0.527,0.79,0.112,0.375,0.697,0.96,0.282,0.545,0.867,0.13,0.452,0.715,0.037,0.3,0.622,0.885,0.207
693,693,0.62,0.942,0.205,0.527,0.79,0.112,0.375,0.697,0.96,0.282,0.545,0.867,0.13,0.452,0.715,0.037,0.3,0.622,0.885,0.207
694,694,0.942,0.205,0.527,0.79,0.112,0.375,0.697,0.96,0.282,0.545,0.867,0.13,0.452,0.715,0.037,0.3,0.622,0.885,0.207,0.47
695,695,0.942,0.205,0.527,0.79,0.112,0.375,0.697,0.96,0.282,0.545,0.867,0.13,0.452,0.715,0.037,0.3,0.622,0.885,0.207,0.47
696,696,0.205,0.527,0.79,0.112,0.375,0.697,0.96,0.282,0.545,0.867,0.13,0.452,0.715,0.037,0.3,0.622,0.885,0.207,0.47,0.792
697,697,0.205,0.527,0.79,0.112,0.375,0.697,0.96,0.282,0.545,0.867,0.13,0.452,0.715,0.037,0.3,0.622,0.885,0.207,0.47,0.792
698,698,0.527,0.79,0.112,0.375,0.697,0.96,0.282,0.545,0.867,0.13,0.452,0.715,0.037,0.3,0.622,0.885,0.207,0.47,0.792,0.055
699,699,0.527,0.79,0.112,0.375,0.697,0.96,0.282,0.545,0.867,0.13,0.452,0.715,0.037,0.3,0.622,0.885,0.207,0.47,0.792,0.055
700,700,0.79,0.112,0.375,0.697,0.96,0.282,0.545,0.867,0.13,0.452,0.715,0.037,0.3,0.622,0.885,0.207,0.47,0.792,0.055,0.377
701,701,0.79,0.112,0.375,0.697,0.96,0.282,0.545,0.867,0.13,0.452,0.715,0.037,0.3,0.622,0.885,0.207,0.47,0.792,0.055,0.377
702,702,0.112,0.375,0.697,0.96,0.282,0.545,0.867,0.13,0.452,0.715,0.037,0.3,0.622,0.885,0.207,0.47,0.792,0.055,0.377,0.64
703,703,0.112,0.375,0.697,0.96,0.282,0.545,0.867,0.13,0.452,0.715,0.037,0.3,0.622,0.885,0.207,0.47,0.792,0.055,0.377,0.64
704,704,0.375,0.697,0.96,0.282,0.545,0.867,0.13,0.452,0.715,0.037,0.3,0.622,0.885,0.207,0.47,0.792,0.055,0.377,0.64,0.962
705,705,0.375,0.697,0.96,0.282,0.545,0.867,0.13,0.452,0.715,0.037,0.3,0.622,0.885,0.207,0.47,0.792,0.055,0.377,0.64,0.962
706,706,0.697,0.96,0.282,0.545,0.867,0.13,0.452,0.715,0.037,0.3,0.622,0.885,0.207,0.47,0.792,0.055,0.377,0.64,0.962,0.225
707,707,0.697,0.96,0.282,0.545,0.867,0.13,0.452,0.715,0.037,0.3,0.622,0.885,0.207,0.47,0.792,0.055,0.377,0.64,0.962,0.225
708,708,0.96,0.282,0.545,0.867,0.13,0.452,0.715,0.037,0.3,0.622,0.885,0.207,0.47,0.792,0.055,0.377,0.64,0.962,0.225,0.547
709,709,0.96,0.282,0.545,0.867,0.13,0.452,0.715,0.037,0.3,0.622,0.885,0.207,0.47,0.792,0.055,0.377,0.64,0.962,0.225,0.547
710,710,0.282,0.545,0.867,0.13,0.452,0.715,0.037,0.3,0.622,0.885,0.207,0.47,0.792,0.055,0.377,0.64,0.962,0.225,0.547,0.81
711,711,0.282,0.545,0.867,0.13,0.452,0.715,0.037,0.3,0.622,0.885,0.207,0.47,0.792,0.055,0.377,0.64,0.962,0.225,0.547,0.81
712,712,0.545,0.867,0.13,0.452,0.715,0.037,0.3,0.622,0.885,0.207,0.47,0.792,0.055,0.377,0.64,0.962,0.225,0.547,0.81,0.132
713,713,0.545,0.867,0.13,0.452,0.715,0.037,0.3,0.622,0.885,0.207,0.47,0.792,0.055,0.377,0.64,0.962,0.225,0.547,0.81,0.132
714,714,0.867,0.13,0.452,0.715,0.037,0.3,0.622,0.885,0.207,0.47,0.792,0.055,0.377,0.64,0.962,0.225,0.547,0.81,0.132,0.395
715,715,0.867,0.13,0.452,0.715,0.037,0.3,0.622,0.885,0.207,0.47,0.792,0.055,0.377,0.64,0.962,0.225,0.547,0.81,0.132,0.395
716,716,0.13,0.452,0.715,0.037,0.3,0.622,0.885,0.207,0.47,0.792,0.055,0.377,0.64,0.962,0.225,0.547,0.81,0.132,0.395,0.717
717,717,0.13,0.452,0.715,0.037,0.3,0.622,0.885,0.207,0.47,0.792,0.055,0.377,0.64,0.962,0.225,0.547,0.81,0.132,0.395,0.717
718,718,0.452,0.715,0.037,0.3,0.622,0.885,0.207,0.47,0.792,0.055,0.377,0.64,0.962,0.225,0.547,0.81,0.132,0.395,0.717,0.98
719,719,0.452,0.715,0.037,0.3,0.622,0.885,0.207,0.47,0.792,0.055,0.377,0.64,0.962,0.225,0.547,0.81,0.132,0.395,0.717,0.98
720,720,0.715,0.037,0.3,0.622,0.885,0.207,0.47,0.792,0.055,0.377,0.64,0.962,0.225,0.547,0.81,0.132,0.395,0.717,0.98,0.302
721,721,0.715,0.037,0.3,0.622,0.885,0.207,0.47,0.792,0.055,0.377,0.64,0.962,0.225,0.547,0.81,0.132,0.395,0.717,0.98,0.302
722,722,0.037,0.3,0.622,0.885,0.207,0.47,0.792,0.055,0.377,0.64,0.962,0.225,0.547,0.81,0.132,0.395,0.717,0.98,0.302,0.565
723,723,0.037,0.3,0.622,0.885,0.207,0.47,0.792,0.055,0.377,0.64,0.962,0.225,0.547,0.81,0.132,0.395,0.717,0.98,0.302,0.565
724,724,0.3,0.622,0.885,0.207,0.47,0.792,0.055,0.377,0.64,0.962,0.225,0.547,0.81,0.132,0.395,0.717,0.98,0.302,0.565,0.887
725,725,0.3,0.622,0.885,0.207,0.47,0.792,0.055,0.377,0.64,0.962,0.225,0.547,0.81,0.132,0.395,0.717,0.98,0.302,0.565,0.887
726,726,0.622,0.885,0.207,0.47,0.792,0.055,0.377,0.64,0.962,0.225,0.547,0.81,0.132,0.395,0.717,0.98,0.302,0.565,0.887,0.15
727,727,0.622,0.885,0.207,0.47,0.792,0.055,0.377,0.64,0.962,0.225,0.547,0.81,0.132,0.395,0.717,0.98,0.302,0.565,0.887,0.15
728,728,0.885,0.207,0.47,0.792,0.055,0.377,0.64,0.962,0.225,0.547,0.81,0.132,0.395,0.717,0.98,0.302,0.565,0.887,0.15,0.472
729,729,0.885,0.207,0.47,0.792,0.055,0.377,0.64,0.962,0.225,0.547,0.81,0.132,0.395,0.717,0.98,0.302,0.565,0.887,0.15,0.472
730,730,0.207,0.47,0.792,0.055,0.377,0.64,0.962,0.225,0.547,0.81,0.132,0.395,0.717,0.98,0.302,0.565,0.887,0.15,0.472,0.735
731,731,0.207,0.47,0.792,0.055,0.377,0.64,0.962,0.225,0.547,0.81,0.132,0.395,0.717,0.98,0.302,0.565,0.887,0.15,0.472,0.735
732,732,0.47,0.792,0.055,0.377,0.64,0.962,0.225,0.547,0.81,0.132,0.395,0.717,0.98,0.302,0.565,0.887,0.15,0.472,0.735,0.057
733,733,0.47,0.792,0.055,0.377,0.64,0.962,0.225,0.547,0.81,0.132,0.395,0.717,0.98,0.302,0.565,0.887,0.15,0.472,0.735,0.057
734,734,0.792,0.055,0.377,0.64,0.962,0.225,0.547,0.81,0.132,0.395,0.717,0.98,0.302,0.565,0.887,0.15,0.472,0.735,0.057,0.32
735,735,0.792,0.055,0.377,0.64,0.962,0.225,0.547,0.81,0.132,0.395,0.717,0.98,0.302,0.565,0.887,0.15,0.472,0.735,0.057,0.32
736,736,0.055,0.377,0.64,0.962,0.225,0.547,0.81,0.132,0.395,0.717,0.98,0.302,0.565,0.887,0.15,0.472,0.735,0.057,0.32,0.642
737,737,0.055,0.377,0.64,0.962,0.225,0.547,0.81,0.132,0.395,0.717,0.98,0.302,0.565,0.887,0.15,0.472,0.735,0.057,0.32,0.642
738,738,0.377,0.64,0.962,0.225,0.547,0.81,0.132,0.395,0.717,0.98,0.302,0.565,0.887,0.15,0.472,0.735,0.057,0.32,0.642,0.905
739,739,0.377,0.64,0.962,0.225,0.547,0.81,0.132,0.395,0.717,0.98,0.302,0.565,0.887,0.15,0.472,0.735,0.057,0.32,0.642,0.905
740,740,0.64,0.962,0.225,0.547,0.81,0.132,0.395,0.717,0.98,0.302,0.565,0.887,0.15,0.472,0.735,0.057,0.32,0.642,0.905,0.227
741,741,0.64,0.962,0.225,0.547,0.81,0.132,0.395,0.717,0.98,0.302,0.565,0.887,0.15,0.472,0.735,0.057,0.32,0.642,0.905,0.227
742,742,0.962,0.225,0.547,0.81,0.132,0.395,0.717,0.98,0.302,0.565,0.887,0.15,0.472,0.735,0.057,0.32,0.642,0.905,0.227,0.49
743,743,0.962,0.225,0.547,0.81,0.132,0.395,0.717,0.98,0.302,0.565,0.887,0.15,0.472,0.735,0.057,0.32,0.642,0.905,0.227,0.49
744,744,0.225,0.547,0.81,0.132,0.395,0.717,0.98,0.302,0.565,0.887,0.15,0.472,0.735,0.057,0.32,0.642,0.905,0.227,0.49,0.812
745,745,0.225,0.547,0.81,0.132,0.395,0.717,0.98,0.302,0.565,0.887,0.15,0.472,0.735,0.057,0.32,0.642,0.905,0.227,0.49,0.812
746,746,0.547,0.81,0.132,0.395,0.717,0.98,0.302,0.565,0.887,0.15,0.472,0.735,0.057,0.32,0.642,0.905,0.227,0.49,0.812,0.075
747,747,0.547,0.81,0.132,0.395,0.717,0.98,0.302,0.565,0.887,0.15,0.472,0.735,0.057,0.32,0.642,0.905,0.227,0.49,0.812,0.075
748,748,0.81,0.132,0.395,0.717,0.98,0.302,0.565,0.887,0.15,0.472,0.735,0.057,0.32,0.642,0.905,0.227,0.49,0.812,0.075,0.397
749,749,0.81,0.132,0.395,0.717,0.98,0.302,0.565,0.887,0.15,0.472,0.735,0.057,0.32,0.642,0.905,0.227,0.49,0.812,0.075,0.397
750,750,0.132,0.395,0.717,0.98,0.302,0.565,0.887,0.15,0.472,0.735,0.057,0.32,0.642,0.905,0.227,0.49,0.812,0.075,0.397,0.66
751,751,0.132,0.395,0.717,0.98,0.302,0.565,0.887,0.15,0.472,0.735,0.057,0.32,0.642,0.905,0.227,0.49,0.812,0.075,0.397,0.66
752,752,0.395,0.717,0.98,0.302,0.565,0.887,0.15,0.472,0.735,0.057,0.32,0.642,0.905,0.227,0.49,0.812,0.075,0.397,0.66,0.982
753,753,0.395,0.717,0.98,0.302,0.565,0.887,0.15,0.472,0.735,0.057,0.32,0.642,0.905,0.227,0.49,0.812,0.075,0.397,0.66,0.982
754,754,0.717,0.98,0.302,0.565,0.887,0.15,0.472,0.735,0.057,0.32,0.642,0.905,0.227,0.49,0.812,0.075,0.397,0.66,0.982,0.245
755,755,0.717,0.98,0.302,0.565,0.887,0.15,0.472,0.735,0.057,0.32,0.642,0.905,0.227,0.49,0.812,0.075,0.397,0.66,0.982,0.245
756,756,0.98,0.302,0.565,0.887,0.15,0.472,0.735,0.057,0.32,0.642,0.905,0.227,0.49,0.812,0.075,0.397,0.66,0.982,0.245,0.567
757,757,0.98,0.302,0.565,0.887,0.15,0.472,0.735,0.057,0.32,0.642,0.905,0.227,0.49,0.812,0.075,0.397,0.66,0.982,0.245,0.567
758,758,0.302,0.565,0.887,0.15,0.472,0.735,0.057,0.32,0.642,0.905,0.227,0.49,0.812,0.075,0.397,0.66,0.982,0.245,0.567,0.83
759,759,0.302,0.565,0.887,0.15,0.472,0.735,0.057,0.32,0.642,0.905,0.227,0.49,0.812,0.075,0.397,0.66,0.982,0.245,0.567,0.83
760,760,0.565,0.887,0.15,0.472,0.735,0.057,0.32,0.642,0.905,0.227,0.49,0.812,0.075,0.397,0.66,0.982,0.245,0.567,0.83,0.152
761,761,0.565,0.887,0.15,0.472,0.735,0.057,0.32,0.642,0.905,0.227,0.49,0.812,0.075,0.397,0.66,0.982,0.245,0.567,0.83,0.152
762,762,0.887,0.15,0.472,0.735,0.057,0.32,0.642,0.905,0.227,0.49,0.812,0.075,0.397,0.66,0.982,0.245,0.567,0.83,0.152,0.415
763,763,0.887,0.15,0.472,0.735,0.057,0.32,0.642,0.905,0.227,0.49,0.812,0.075,0.397,0.66,0.982,0.245,0.567,0.83,0.152,0.415
764,764,0.15,0.472,0.735,0.057,0.32,0.642,0.905,0.227,0.49,0.812,0.075,0.397,0.66,0.982,0.245,0.567,0.83,0.152,0.415,0.737
765,765,0.15,0.472,0.735,0.057,0.32,0.642,0.905,0.227,0.49,0.812,0.075,0.397,0.66,0.982,0.245,0.567,0.83,0.152,0.415,0.737
766,766,0.472,0.735,0.057,0.32,0.642,0.905,0.227,0.49,0.812,0.075,0.397,0.66,0.982,0.245,0.567,0.83,0.152,0.415,0.737,0
767,767,0.472,0.735,0.057,0.32,0.642,0.905,0.227,0.49,0.812,0.075,0.397,0.66,0.982,0.245,0.567,0.83,0.152,0.415,0.737,0
768,768,0.735,0.057,0.32,0.642,0.905,0.227,0.49,0.812,0.075,0.397,0.66,0.982,0.245,0.567,0.83,0.152,0.415,0.737,0,0.322
769,769,0.735,0.057,0.32,0.642,0.905,0.227,0.49,0.812,0.075,0.397,0.66,0.982,0.245,0.567,0.83,0.152,0.415,0.737,0,0.322
770,770,0.057,0.32,0.642,0.905,0.227,0.49,0.812,0.075,0.397,0.66,0.982,0.245,0.567,0.83,0.152,0.415,0.737,0,0.322,0.585
771,771,0.057,0.32,0.642,0.905,0.227,0.49,0.812,0.075,0.397,0.66,0.982,0.245,0.567,0.83,0.152,0.415,0.737,0,0.322,0.585
772,772,0.32,0.642,0.905,0.227,0.49,0.812,0.075,0.397,0.66,0.982,0.245,0.567,0.83,0.152,0.415,0.737,0,0.322,0.585,0.907
773,773,0.32,0.642,0.905,0.227,0.49,0.812,0.075,0.397,0.66,0.982,0.245,0.567,0.83,0.152,0.415,0.737,0,0.322,0.585,0.907
774,774,0.642,0.905,0.227,0.49,0.812,0.075,0.397,0.66,0.982,0.245,0.567,0.83,0.152,0.415,0.737,0,0.322,0.585,0.907,0.17
775,775,0.642,0.905,0.227,0.49,0.812,0.075,0.397,0.66,0.982,0.245,0.567,0.83,0.152,0.415,0.737,0,0.322,0.585,0.907,0.17
776,776,0.905,0.227,0.49,0.812,0.075,0.397,0.66,0.982,0.245,0.567,0.83,0.152,0.415,0.737,0,0.322,0.585,0.907,0.17,0.492
777,777,0.905,0.227,0.49,0.812,0.075,0.397,0.66,0.982,0.245,0.567,0.83,0.152,0.415,0.737,0,0.322,0.585,0.907,0.17,0.492
778,778,0.227,0.49,0.812,0.075,0.397,0.66,0.982,0.245,0.567,0.83,0.152,0.415,0.737,0,0.322,0.585,0.907,0.17,0.492,0.755
779,779,0.227,0.49,0.812,0.075,0.397,0.66,0.982,0.245,0.567,0.83,0.152,0.415,0.737,0,0.322,0.585,0.907,0.17,0.492,0.755
780,780,0.49,0.812,0.075,0.397,0.66,0.982,0.245,0.567,0.83,0.152,0.415,0.737,0,0.322,0.585,0.907,0.17,0.492,0.755,0.077
781,781,0.49,0.812,0.075,0.397,0.66,0.982,0.245,0.567,0.83,0.152,0.415,0.737,0,0.322,0.585,0.907,0.17,0.492,0.755,0.077
782,782,0.812,0.075,0.397,0.66,0.982,0.245,0.567,0.83,0.152,0.415,0.737,0,0.322,0.585,0.907,0.17,0.492,0.755,0.077,0.34
783,783,0.812,0.075,0.397,0.66,0.982,0.245,0.567,0.83,0.152,0.415,0.737,0,0.322,0.585,0.907,0.17,0.492,0.755,0.077,0.34
784,784,0.075,0.397,0.66,0.982,0.245,0.567,0.83,0.152,0.415,0.737,0,0.322,0.585,0.907,0.17,0.492,0.755,0.077,0.34,0.662
785,785,0.075,0.397,0.66,0.982,0.245,0.567,0.83,0.152,0.415,0.737,0,0.322,0.585,0.907,0.17,0.492,0.755,0.077,0.34,0.662
786,786,0.397,0.66,0.982,0.245,0.567,0.83,0.152,0.415,0.737,0,0.322,0.585,0.907,0.17,0.492,0.755,0.077,0.34,0.662,0.925
787,787,0.397,0.66,0.982,0.245,0.567,0.83,0.152,0.415,0.737,0,0.322,0.585,0.907,0.17,0.492,0.755,0.077,0.34,0.662,0.925
788,788,0.66,0.982,0.245,0.567,0.83,0.152,0.415,0.737,0,0.322,0.585,0.907,0.17,0.492,0.755,0.077,0.34,0.662,0.925,0.247
789,789,0.66,0.982,0.245,0.567,0.83,0.152,0.415,0.737,0,0.322,0.585,0.907,0.17,0.492,0.755,0.077,0.34,0.662,0.925,0.247
790,790,0.982,0.245,0.567,0.83,0.152,0.415,0.737,0,0.322,0.585,0.907,0.17,0.492,0.755,0.077,0.34,0.662,0.925,0.247,0.51
791,791,0.982,0.245,0.567,0.83,0.152,0.415,0.737,0,0.322,0.585,0.907,0.17,0.492,0.755,0.077,0.34,0.662,0.925,0.247,0.51
792,792,0.245,0.567,0.83,0.152,0.415,0.737,0,0.322,0.585,0.907,0.17,0.492,0.755,0.077,0.34,0.662,0.925,0.247,0.51,0.832
793,793,0.245,0.567,0.83,0.152,0.415,0.737,0,0.322,0.585,0.907,0.17,0.492,0.755,0.077,0.34,0.662,0.925,0.247,0.51,0.832
794,794,0.567,0.83,0.152,0.415,0.737,0,0.322,0.585,0.907,0.17,0.492,0.755,0.077,0.34,0.662,0.925,0.247,0.51,0.832,0.095
795,795,0.567,0.83,0.152,0.415,0.737,0,0.322,0.585,0.907,0.17,0.492,0.755,0.077,0.34,0.662,0.925,0.247,0.51,0.832,0.095
796,796,0.83,0.152,0.415,0.737,0,0.322,0.585,0.907,0.17,0.492,0.755,0.077,0.34,0.662,0.925,0.247,0.51,0.832,0.095,0.417
797,797,0.83,0.152,0.415,0.737,0,0.322,0.585,0.907,0.17,0.492,0.755,0.077,0.34,0.662,0.925,0.247,0.51,0.832,0.095,0.417
798,798,0.152,0.415,0.737,0,0.322,0.585,0.907,0.17,0.492,0.755,0.077,0.34,0.662,0.925,0.247,0.51,0.832,0.095,0.417,0.68
799,799,0.152,0.415,0.737,0,0.322,0.585,0.907,0.17,0.492,0.755,0.077,0.34,0.662,0.925,0.247,0.51,0.832,0.095,0.417,0.68
