#,#,2,3,5,7
113,113,-2,-2,2,-1
114,114,0,0,1,-2
115,115,1,2,-2,-1
116,116,-2,1,0,-1
117,117,-1,-2,-2,2
118,118,1,-2,2,-2
119,119,2,0,-1,-1
120,120,-2,-1,-1,1
121,121,-1,-1,1,-1
122,122,0,1,-2,0
123,123,1,1,0,-2
124,124,2,-2,-2,1
125,125,-2,0,2,-2
126,126,-1,2,-1,-1
127,127,1,-1,-1,0
128,128,2,-1,1,-2
129,129,-2,-2,1,0
130,130,-1,0,-2,1
131,131,2,2,-1,-2
132,132,-2,1,-1,0
133,133,-1,1,1,-2
134,134,0,-2,-1,1
135,135,1,-2,1,-1
136,136,2,0,-2,0
137,137,-2,-1,-2,2
138,138,0,-1,2,-2
139,139,1,1,-1,-1
140,140,-2,0,1,-1
141,141,-1,2,-2,0
142,142,0,2,0,-2
143,143,1,-1,-2,1
144,144,2,-1,0,-1
145,145,-2,-2,0,1
146,146,-1,-2,2,-1
147,147,1,0,1,-2
148,148,2,2,-2,-1
149,149,-2,1,-2,1
150,150,-1,1,0,-1
151,151,0,-2,-2,2
152,152,1,-2,0,0
153,153,2,-2,2,-2
154,154,-2,2,1,-2
155,155,-1,-1,-1,1
156,156,0,-1,1,-1
157,157,1,1,-2,0
158,158,2,1,0,-2
159,159,-1,0,2,-2
160,160,0,2,-1,-1
161,161,2,-1,-1,0
162,162,-2,-2,-1,2
163,163,-1,-2,1,0
164,164,0,0,-2,1
165,165,1,0,0,-1
166,166,-2,-1,2,-1
167,167,-1,1,-1,0
168,168,0,1,1,-2
169,169,1,-2,-1,1
170,170,2,-2,1,-1
171,171,-2,2,0,-1
172,172,-1,-1,-2,2
173,173,1,-1,2,-2
174,174,2,1,-1,-1
175,175,-2,0,-1,1
176,176,-1,0,1,-1
177,177,0,2,-2,0
178,178,1,2,0,-2
179,179,2,-1,-2,1
180,180,-2,1,2,-2
181,181,-1,-2,0,1
182,182,0,-2,2,-1
183,183,1,0,-1,0
184,184,2,0,1,-2
185,185,-2,-1,1,0
186,186,-1,1,-2,1
187,187,0,1,0,-1
188,188,1,-2,-2,2
189,189,2,-2,0,0
190,190,-2,2,-1,0
191,191,-1,2,1,-2
192,192,0,-1,-1,1
193,193,1,-1,1,-1
194,194,2,1,-2,0
195,195,-2,0,-2,2
196,196,0,0,2,-2
197,197,1,2,-1,-1
198,198,-2,1,1,-1
199,199,-1,-2,-1,2
200,200,0,-2,1,0
201,201,1,0,-2,1
202,202,2,0,0,-1
203,203,-2,-1,0,1
204,204,-1,-1,2,-1
205,205,0,1,-1,0
206,206,1,1,1,-2
207,207,2,-2,-1,1
208,208,-2,2,-2,1
209,209,-1,2,0,-1
210,210,0,-1,-2,2
211,211,1,-1,0,0
212,212,2,-1,2,-2
213,213,-2,-2,2,0
214,214,-1,0,-1,1
215,215,0,0,1,-1
216,216,1,2,-2,0
217,217,2,2,0,-2
218,218,-2,1,0,0
219,219,-1,1,2,-2
220,220,0,-2,0,1
221,221,1,-2,2,-1
222,222,2,0,-1,0
223,223,-2,-1,-1,2
224,224,-1,-1,1,0
225,225,0,1,-2,1
226,226,1,1,0,-1
227,227,2,-2,-2,2
228,228,-2,0,2,-1
229,229,-1,2,-1,0
230,230,0,2,1,-2
231,231,1,-1,-1,1
232,232,2,-1,1,-1
233,233,-2,-2,1,1
234,234,-1,0,-2,2
235,235,1,0,2,-2
236,236,2,2,-1,-1
237,237,-2,1,-1,1
238,238,-1,1,1,-1
239,239,0,-2,-1,2
240,240,1,-2,1,0
241,241,2,0,-2,1
242,242,-2,2,2,-2
243,243,-1,-1,0,1
244,244,0,-1,2,-1
245,245,1,1,-1,0
246,246,2,1,1,-2
247,247,-2,0,1,0
248,248,-1,2,-2,1
249,249,0,2,0,-1
250,250,1,-1,-2,2
251,251,2,-1,0,0
252,252,-2,-2,0,2
253,253,-1,-2,2,0
254,254,0,0,-1,1
255,255,1,0,1,-1
256,256,2,2,-2,0
257,257,-2,1,-2,2
258,258,-1,1,0,0
259,259,0,1,2,-2
260,260,1,-2,0,1
261,261,2,-2,2,-1
262,262,-2,2,1,-1
263,263,-1,-1,-1,2
264,264,0,-1,1,0
265,265,1,1,-2,1
266,266,2,1,0,-1
267,267,-2,0,0,1
268,268,-1,0,2,-1
269,269,0,2,-1,0
270,270,1,2,1,-2
271,271,2,-1,-1,1
272,272,-1,-2,1,1
273,273,0,0,-2,2
274,274,1,0,0,0
275,275,2,0,2,-2
276,276,-2,-1,2,0
277,277,-1,1,-1,1
278,278,0,1,1,-1
279,279,1,-2,-1,2
280,280,2,-2,1,0
281,281,-2,2,0,0
282,282,-1,2,2,-2
283,283,0,-1,0,1
284,284,1,-1,2,-1
285,285,2,1,-1,0
286,286,-2,0,-1,2
287,287,-1,0,1,0
288,288,0,2,-2,1
289,289,1,2,0,-1
290,290,2,-1,-2,2
291,291,-2,1,2,-1
292,292,-1,-2,0,2
293,293,0,-2,2,0
294,294,1,0,-1,1
295,295,2,0,1,-1
296,296,-2,-1,1,1
297,297,-1,1,-2,2
298,298,0,1,0,0
299,299,1,1,2,-2
300,300,2,-2,0,1
301,301,-2,2,-1,1
302,302,-1,2,1,-1
303,303,0,-1,-1,2
304,304,1,-1,1,0
305,305,2,1,-2,1
306,306,-1,0,0,1
307,307,0,0,2,-1
308,308,1,2,-1,0
309,309,2,2,1,-2
310,310,-2,1,1,0
311,311,0,-2,1,1
312,312,1,0,-2,2
313,313,2,0,0,0
314,314,-2,-1,0,2
315,315,-1,-1,2,0
316,316,0,1,-1,1
317,317,1,1,1,-1
318,318,2,-2,-1,2
319,319,-2,2,-2,2
320,320,-1,2,0,0
321,321,0,2,2,-2
322,322,1,-1,0,1
323,323,2,-1,2,-1
324,324,-2,-2,2,1
325,325,-1,0,-1,2
326,326,0,0,1,0
327,327,1,2,-2,1
328,328,2,2,0,-1
329,329,-2,1,0,1
330,330,-1,1,2,-1
331,331,0,-2,0,2
332,332,1,-2,2,0
333,333,2,0,-1,1
334,334,-1,-1,1,1
335,335,0,1,-2,2
336,336,1,1,0,0
337,337,2,1,2,-2
338,338,-2,0,2,0
339,339,-1,2,-1,1
340,340,0,2,1,-1
341,341,1,-1,-1,2
342,342,2,-1,1,0
343,343,-2,-2,1,2
344,344,0,0,0,1
345,345,1,0,2,-1
346,346,2,2,-1,0
347,347,-2,1,-1,2
348,348,-1,1,1,0
349,349,1,-2,1,1
350,350,2,0,-2,2
351,351,-2,2,2,-1
352,352,-1,-1,0,2
353,353,0,-1,2,0
354,354,1,1,-1,1
355,355,2,1,1,-1
356,356,-2,0,1,1
357,357,-1,2,-2,2
358,358,0,2,0,0
359,359,1,2,2,-2
360,360,2,-1,0,1
361,361,-1,-2,2,1
362,362,0,0,-1,2
363,363,1,0,1,0
